ISO-10303-21;
HEADER;
/* Generated by software containing ST-Developer
 * from STEP Tools, Inc. (www.steptools.com) 
 */

FILE_DESCRIPTION(
/* description */ (''),
/* implementation_level */ '2;1');

FILE_NAME(
/* name */ 'wortuhr-stand_v8.step',
/* time_stamp */ '2026-10-03T13:49:55+02:00',
/* author */ (''),
/* organization */ (''),
/* preprocessor_version */ 'ST-DEVELOPER v20.2',
/* originating_system */ 'Autodesk Translation Framework v15.15.0.0',
/* authorisation */ '');

FILE_SCHEMA (('AUTOMOTIVE_DESIGN { 1 0 10303 214 3 1 1 }'));
ENDSEC;

DATA;
#10=MECHANICAL_DESIGN_GEOMETRIC_PRESENTATION_REPRESENTATION('',(#13),#2322);
#11=SHAPE_REPRESENTATION_RELATIONSHIP('SRR','None',#2329,#12);
#12=ADVANCED_BREP_SHAPE_REPRESENTATION('',(#14),#2321);
#13=STYLED_ITEM('',(#2338),#14);
#14=MANIFOLD_SOLID_BREP('Stand_v5',#1456);
#15=CYLINDRICAL_SURFACE('',#1512,3.3);
#16=CYLINDRICAL_SURFACE('',#1513,2.1);
#17=CYLINDRICAL_SURFACE('',#1517,3.3);
#18=CYLINDRICAL_SURFACE('',#1518,2.1);
#19=CIRCLE('',#1493,2.1);
#20=CIRCLE('',#1494,2.1);
#21=CIRCLE('',#1506,3.3);
#22=CIRCLE('',#1507,3.3);
#23=CIRCLE('',#1510,3.3);
#24=CIRCLE('',#1511,2.1);
#25=CIRCLE('',#1515,3.3);
#26=CIRCLE('',#1516,2.1);
#27=FACE_BOUND('',#121,.T.);
#28=FACE_BOUND('',#129,.T.);
#29=FACE_BOUND('',#139,.T.);
#30=FACE_BOUND('',#140,.T.);
#31=FACE_BOUND('',#152,.T.);
#32=FACE_BOUND('',#153,.T.);
#33=FACE_BOUND('',#156,.T.);
#34=FACE_BOUND('',#160,.T.);
#35=FACE_BOUND('',#170,.T.);
#36=FACE_BOUND('',#193,.T.);
#37=FACE_BOUND('',#200,.T.);
#38=FACE_OUTER_BOUND('',#114,.T.);
#39=FACE_OUTER_BOUND('',#115,.T.);
#40=FACE_OUTER_BOUND('',#116,.T.);
#41=FACE_OUTER_BOUND('',#117,.T.);
#42=FACE_OUTER_BOUND('',#118,.T.);
#43=FACE_OUTER_BOUND('',#119,.T.);
#44=FACE_OUTER_BOUND('',#120,.T.);
#45=FACE_OUTER_BOUND('',#122,.T.);
#46=FACE_OUTER_BOUND('',#123,.T.);
#47=FACE_OUTER_BOUND('',#124,.T.);
#48=FACE_OUTER_BOUND('',#125,.T.);
#49=FACE_OUTER_BOUND('',#126,.T.);
#50=FACE_OUTER_BOUND('',#127,.T.);
#51=FACE_OUTER_BOUND('',#128,.T.);
#52=FACE_OUTER_BOUND('',#130,.T.);
#53=FACE_OUTER_BOUND('',#131,.T.);
#54=FACE_OUTER_BOUND('',#132,.T.);
#55=FACE_OUTER_BOUND('',#133,.T.);
#56=FACE_OUTER_BOUND('',#134,.T.);
#57=FACE_OUTER_BOUND('',#135,.T.);
#58=FACE_OUTER_BOUND('',#136,.T.);
#59=FACE_OUTER_BOUND('',#137,.T.);
#60=FACE_OUTER_BOUND('',#138,.T.);
#61=FACE_OUTER_BOUND('',#141,.T.);
#62=FACE_OUTER_BOUND('',#142,.T.);
#63=FACE_OUTER_BOUND('',#143,.T.);
#64=FACE_OUTER_BOUND('',#144,.T.);
#65=FACE_OUTER_BOUND('',#145,.T.);
#66=FACE_OUTER_BOUND('',#146,.T.);
#67=FACE_OUTER_BOUND('',#147,.T.);
#68=FACE_OUTER_BOUND('',#148,.T.);
#69=FACE_OUTER_BOUND('',#149,.T.);
#70=FACE_OUTER_BOUND('',#150,.T.);
#71=FACE_OUTER_BOUND('',#151,.T.);
#72=FACE_OUTER_BOUND('',#154,.T.);
#73=FACE_OUTER_BOUND('',#155,.T.);
#74=FACE_OUTER_BOUND('',#157,.T.);
#75=FACE_OUTER_BOUND('',#158,.T.);
#76=FACE_OUTER_BOUND('',#159,.T.);
#77=FACE_OUTER_BOUND('',#161,.T.);
#78=FACE_OUTER_BOUND('',#162,.T.);
#79=FACE_OUTER_BOUND('',#163,.T.);
#80=FACE_OUTER_BOUND('',#164,.T.);
#81=FACE_OUTER_BOUND('',#165,.T.);
#82=FACE_OUTER_BOUND('',#166,.T.);
#83=FACE_OUTER_BOUND('',#167,.T.);
#84=FACE_OUTER_BOUND('',#168,.T.);
#85=FACE_OUTER_BOUND('',#169,.T.);
#86=FACE_OUTER_BOUND('',#171,.T.);
#87=FACE_OUTER_BOUND('',#172,.T.);
#88=FACE_OUTER_BOUND('',#173,.T.);
#89=FACE_OUTER_BOUND('',#174,.T.);
#90=FACE_OUTER_BOUND('',#175,.T.);
#91=FACE_OUTER_BOUND('',#176,.T.);
#92=FACE_OUTER_BOUND('',#177,.T.);
#93=FACE_OUTER_BOUND('',#178,.T.);
#94=FACE_OUTER_BOUND('',#179,.T.);
#95=FACE_OUTER_BOUND('',#180,.T.);
#96=FACE_OUTER_BOUND('',#181,.T.);
#97=FACE_OUTER_BOUND('',#182,.T.);
#98=FACE_OUTER_BOUND('',#183,.T.);
#99=FACE_OUTER_BOUND('',#184,.T.);
#100=FACE_OUTER_BOUND('',#185,.T.);
#101=FACE_OUTER_BOUND('',#186,.T.);
#102=FACE_OUTER_BOUND('',#187,.T.);
#103=FACE_OUTER_BOUND('',#188,.T.);
#104=FACE_OUTER_BOUND('',#189,.T.);
#105=FACE_OUTER_BOUND('',#190,.T.);
#106=FACE_OUTER_BOUND('',#191,.T.);
#107=FACE_OUTER_BOUND('',#192,.T.);
#108=FACE_OUTER_BOUND('',#194,.T.);
#109=FACE_OUTER_BOUND('',#195,.T.);
#110=FACE_OUTER_BOUND('',#196,.T.);
#111=FACE_OUTER_BOUND('',#197,.T.);
#112=FACE_OUTER_BOUND('',#198,.T.);
#113=FACE_OUTER_BOUND('',#199,.T.);
#114=EDGE_LOOP('',(#910,#911,#912,#913));
#115=EDGE_LOOP('',(#914,#915,#916,#917));
#116=EDGE_LOOP('',(#918,#919,#920,#921));
#117=EDGE_LOOP('',(#922,#923,#924,#925));
#118=EDGE_LOOP('',(#926,#927,#928,#929));
#119=EDGE_LOOP('',(#930,#931,#932,#933));
#120=EDGE_LOOP('',(#934,#935,#936,#937));
#121=EDGE_LOOP('',(#938,#939,#940,#941));
#122=EDGE_LOOP('',(#942,#943,#944,#945));
#123=EDGE_LOOP('',(#946,#947,#948,#949));
#124=EDGE_LOOP('',(#950,#951,#952,#953));
#125=EDGE_LOOP('',(#954,#955,#956,#957));
#126=EDGE_LOOP('',(#958,#959,#960,#961));
#127=EDGE_LOOP('',(#962,#963,#964,#965));
#128=EDGE_LOOP('',(#966,#967,#968,#969));
#129=EDGE_LOOP('',(#970,#971,#972,#973));
#130=EDGE_LOOP('',(#974,#975,#976,#977,#978,#979,#980,#981));
#131=EDGE_LOOP('',(#982,#983,#984,#985,#986,#987));
#132=EDGE_LOOP('',(#988,#989,#990,#991,#992,#993,#994,#995));
#133=EDGE_LOOP('',(#996,#997,#998,#999));
#134=EDGE_LOOP('',(#1000,#1001,#1002,#1003));
#135=EDGE_LOOP('',(#1004,#1005,#1006,#1007,#1008,#1009));
#136=EDGE_LOOP('',(#1010,#1011,#1012,#1013));
#137=EDGE_LOOP('',(#1014,#1015,#1016,#1017,#1018,#1019,#1020,#1021,#1022,
#1023,#1024,#1025));
#138=EDGE_LOOP('',(#1026,#1027,#1028,#1029,#1030,#1031,#1032,#1033,#1034,
#1035,#1036,#1037,#1038,#1039,#1040,#1041));
#139=EDGE_LOOP('',(#1042));
#140=EDGE_LOOP('',(#1043));
#141=EDGE_LOOP('',(#1044,#1045,#1046,#1047));
#142=EDGE_LOOP('',(#1048,#1049,#1050,#1051));
#143=EDGE_LOOP('',(#1052,#1053,#1054));
#144=EDGE_LOOP('',(#1055,#1056,#1057));
#145=EDGE_LOOP('',(#1058,#1059,#1060,#1061));
#146=EDGE_LOOP('',(#1062,#1063,#1064,#1065));
#147=EDGE_LOOP('',(#1066,#1067,#1068,#1069,#1070));
#148=EDGE_LOOP('',(#1071,#1072,#1073,#1074,#1075));
#149=EDGE_LOOP('',(#1076,#1077,#1078,#1079));
#150=EDGE_LOOP('',(#1080,#1081,#1082,#1083));
#151=EDGE_LOOP('',(#1084,#1085,#1086,#1087));
#152=EDGE_LOOP('',(#1088));
#153=EDGE_LOOP('',(#1089));
#154=EDGE_LOOP('',(#1090,#1091,#1092,#1093));
#155=EDGE_LOOP('',(#1094));
#156=EDGE_LOOP('',(#1095));
#157=EDGE_LOOP('',(#1096,#1097,#1098,#1099));
#158=EDGE_LOOP('',(#1100,#1101,#1102,#1103));
#159=EDGE_LOOP('',(#1104));
#160=EDGE_LOOP('',(#1105));
#161=EDGE_LOOP('',(#1106,#1107,#1108,#1109));
#162=EDGE_LOOP('',(#1110,#1111,#1112,#1113));
#163=EDGE_LOOP('',(#1114,#1115,#1116,#1117));
#164=EDGE_LOOP('',(#1118,#1119,#1120,#1121));
#165=EDGE_LOOP('',(#1122,#1123,#1124,#1125,#1126,#1127));
#166=EDGE_LOOP('',(#1128,#1129,#1130,#1131,#1132,#1133,#1134,#1135));
#167=EDGE_LOOP('',(#1136,#1137,#1138,#1139));
#168=EDGE_LOOP('',(#1140,#1141,#1142,#1143));
#169=EDGE_LOOP('',(#1144,#1145,#1146,#1147));
#170=EDGE_LOOP('',(#1148,#1149,#1150,#1151));
#171=EDGE_LOOP('',(#1152,#1153,#1154));
#172=EDGE_LOOP('',(#1155,#1156,#1157,#1158));
#173=EDGE_LOOP('',(#1159,#1160,#1161,#1162,#1163,#1164,#1165,#1166,#1167,
#1168));
#174=EDGE_LOOP('',(#1169,#1170,#1171,#1172));
#175=EDGE_LOOP('',(#1173,#1174,#1175,#1176));
#176=EDGE_LOOP('',(#1177,#1178,#1179,#1180));
#177=EDGE_LOOP('',(#1181,#1182,#1183,#1184));
#178=EDGE_LOOP('',(#1185,#1186,#1187,#1188));
#179=EDGE_LOOP('',(#1189,#1190,#1191,#1192,#1193,#1194));
#180=EDGE_LOOP('',(#1195,#1196,#1197,#1198,#1199,#1200,#1201));
#181=EDGE_LOOP('',(#1202,#1203,#1204,#1205));
#182=EDGE_LOOP('',(#1206,#1207,#1208,#1209));
#183=EDGE_LOOP('',(#1210,#1211,#1212,#1213));
#184=EDGE_LOOP('',(#1214,#1215,#1216,#1217));
#185=EDGE_LOOP('',(#1218,#1219,#1220,#1221));
#186=EDGE_LOOP('',(#1222,#1223,#1224,#1225));
#187=EDGE_LOOP('',(#1226,#1227,#1228,#1229,#1230,#1231,#1232,#1233,#1234,
#1235,#1236,#1237));
#188=EDGE_LOOP('',(#1238,#1239,#1240,#1241));
#189=EDGE_LOOP('',(#1242,#1243,#1244,#1245));
#190=EDGE_LOOP('',(#1246,#1247,#1248,#1249,#1250,#1251,#1252,#1253,#1254,
#1255));
#191=EDGE_LOOP('',(#1256,#1257,#1258,#1259));
#192=EDGE_LOOP('',(#1260,#1261,#1262,#1263,#1264,#1265,#1266,#1267));
#193=EDGE_LOOP('',(#1268,#1269,#1270,#1271));
#194=EDGE_LOOP('',(#1272,#1273,#1274,#1275));
#195=EDGE_LOOP('',(#1276,#1277,#1278,#1279));
#196=EDGE_LOOP('',(#1280,#1281,#1282,#1283,#1284,#1285));
#197=EDGE_LOOP('',(#1286,#1287,#1288,#1289,#1290,#1291));
#198=EDGE_LOOP('',(#1292,#1293,#1294,#1295,#1296,#1297));
#199=EDGE_LOOP('',(#1298,#1299,#1300,#1301,#1302,#1303));
#200=EDGE_LOOP('',(#1304,#1305,#1306,#1307));
#201=LINE('',#1919,#392);
#202=LINE('',#1921,#393);
#203=LINE('',#1923,#394);
#204=LINE('',#1924,#395);
#205=LINE('',#1927,#396);
#206=LINE('',#1929,#397);
#207=LINE('',#1930,#398);
#208=LINE('',#1933,#399);
#209=LINE('',#1935,#400);
#210=LINE('',#1936,#401);
#211=LINE('',#1938,#402);
#212=LINE('',#1939,#403);
#213=LINE('',#1942,#404);
#214=LINE('',#1944,#405);
#215=LINE('',#1945,#406);
#216=LINE('',#1948,#407);
#217=LINE('',#1949,#408);
#218=LINE('',#1953,#409);
#219=LINE('',#1955,#410);
#220=LINE('',#1957,#411);
#221=LINE('',#1958,#412);
#222=LINE('',#1961,#413);
#223=LINE('',#1962,#414);
#224=LINE('',#1964,#415);
#225=LINE('',#1968,#416);
#226=LINE('',#1970,#417);
#227=LINE('',#1972,#418);
#228=LINE('',#1973,#419);
#229=LINE('',#1976,#420);
#230=LINE('',#1978,#421);
#231=LINE('',#1979,#422);
#232=LINE('',#1982,#423);
#233=LINE('',#1984,#424);
#234=LINE('',#1985,#425);
#235=LINE('',#1987,#426);
#236=LINE('',#1988,#427);
#237=LINE('',#1993,#428);
#238=LINE('',#1995,#429);
#239=LINE('',#1997,#430);
#240=LINE('',#1999,#431);
#241=LINE('',#2001,#432);
#242=LINE('',#2003,#433);
#243=LINE('',#2005,#434);
#244=LINE('',#2006,#435);
#245=LINE('',#2009,#436);
#246=LINE('',#2011,#437);
#247=LINE('',#2013,#438);
#248=LINE('',#2015,#439);
#249=LINE('',#2016,#440);
#250=LINE('',#2019,#441);
#251=LINE('',#2021,#442);
#252=LINE('',#2023,#443);
#253=LINE('',#2025,#444);
#254=LINE('',#2027,#445);
#255=LINE('',#2028,#446);
#256=LINE('',#2031,#447);
#257=LINE('',#2033,#448);
#258=LINE('',#2034,#449);
#259=LINE('',#2037,#450);
#260=LINE('',#2038,#451);
#261=LINE('',#2041,#452);
#262=LINE('',#2043,#453);
#263=LINE('',#2044,#454);
#264=LINE('',#2048,#455);
#265=LINE('',#2050,#456);
#266=LINE('',#2052,#457);
#267=LINE('',#2053,#458);
#268=LINE('',#2056,#459);
#269=LINE('',#2058,#460);
#270=LINE('',#2060,#461);
#271=LINE('',#2062,#462);
#272=LINE('',#2064,#463);
#273=LINE('',#2066,#464);
#274=LINE('',#2068,#465);
#275=LINE('',#2070,#466);
#276=LINE('',#2072,#467);
#277=LINE('',#2074,#468);
#278=LINE('',#2075,#469);
#279=LINE('',#2078,#470);
#280=LINE('',#2080,#471);
#281=LINE('',#2082,#472);
#282=LINE('',#2083,#473);
#283=LINE('',#2085,#474);
#284=LINE('',#2087,#475);
#285=LINE('',#2088,#476);
#286=LINE('',#2090,#477);
#287=LINE('',#2092,#478);
#288=LINE('',#2094,#479);
#289=LINE('',#2095,#480);
#290=LINE('',#2103,#481);
#291=LINE('',#2105,#482);
#292=LINE('',#2107,#483);
#293=LINE('',#2108,#484);
#294=LINE('',#2111,#485);
#295=LINE('',#2112,#486);
#296=LINE('',#2116,#487);
#297=LINE('',#2118,#488);
#298=LINE('',#2119,#489);
#299=LINE('',#2123,#490);
#300=LINE('',#2125,#491);
#301=LINE('',#2126,#492);
#302=LINE('',#2128,#493);
#303=LINE('',#2129,#494);
#304=LINE('',#2131,#495);
#305=LINE('',#2132,#496);
#306=LINE('',#2134,#497);
#307=LINE('',#2136,#498);
#308=LINE('',#2137,#499);
#309=LINE('',#2140,#500);
#310=LINE('',#2141,#501);
#311=LINE('',#2142,#502);
#312=LINE('',#2144,#503);
#313=LINE('',#2146,#504);
#314=LINE('',#2147,#505);
#315=LINE('',#2149,#506);
#316=LINE('',#2162,#507);
#317=LINE('',#2164,#508);
#318=LINE('',#2171,#509);
#319=LINE('',#2173,#510);
#320=LINE('',#2177,#511);
#321=LINE('',#2179,#512);
#322=LINE('',#2181,#513);
#323=LINE('',#2182,#514);
#324=LINE('',#2185,#515);
#325=LINE('',#2187,#516);
#326=LINE('',#2188,#517);
#327=LINE('',#2192,#518);
#328=LINE('',#2194,#519);
#329=LINE('',#2196,#520);
#330=LINE('',#2198,#521);
#331=LINE('',#2200,#522);
#332=LINE('',#2201,#523);
#333=LINE('',#2204,#524);
#334=LINE('',#2206,#525);
#335=LINE('',#2208,#526);
#336=LINE('',#2209,#527);
#337=LINE('',#2211,#528);
#338=LINE('',#2212,#529);
#339=LINE('',#2214,#530);
#340=LINE('',#2215,#531);
#341=LINE('',#2218,#532);
#342=LINE('',#2219,#533);
#343=LINE('',#2222,#534);
#344=LINE('',#2223,#535);
#345=LINE('',#2225,#536);
#346=LINE('',#2226,#537);
#347=LINE('',#2229,#538);
#348=LINE('',#2230,#539);
#349=LINE('',#2232,#540);
#350=LINE('',#2235,#541);
#351=LINE('',#2237,#542);
#352=LINE('',#2239,#543);
#353=LINE('',#2240,#544);
#354=LINE('',#2243,#545);
#355=LINE('',#2244,#546);
#356=LINE('',#2246,#547);
#357=LINE('',#2248,#548);
#358=LINE('',#2251,#549);
#359=LINE('',#2254,#550);
#360=LINE('',#2255,#551);
#361=LINE('',#2257,#552);
#362=LINE('',#2260,#553);
#363=LINE('',#2261,#554);
#364=LINE('',#2264,#555);
#365=LINE('',#2266,#556);
#366=LINE('',#2267,#557);
#367=LINE('',#2270,#558);
#368=LINE('',#2271,#559);
#369=LINE('',#2274,#560);
#370=LINE('',#2275,#561);
#371=LINE('',#2278,#562);
#372=LINE('',#2279,#563);
#373=LINE('',#2281,#564);
#374=LINE('',#2282,#565);
#375=LINE('',#2285,#566);
#376=LINE('',#2287,#567);
#377=LINE('',#2289,#568);
#378=LINE('',#2291,#569);
#379=LINE('',#2292,#570);
#380=LINE('',#2294,#571);
#381=LINE('',#2295,#572);
#382=LINE('',#2297,#573);
#383=LINE('',#2300,#574);
#384=LINE('',#2301,#575);
#385=LINE('',#2303,#576);
#386=LINE('',#2306,#577);
#387=LINE('',#2310,#578);
#388=LINE('',#2311,#579);
#389=LINE('',#2314,#580);
#390=LINE('',#2315,#581);
#391=LINE('',#2317,#582);
#392=VECTOR('',#1558,10.);
#393=VECTOR('',#1559,10.);
#394=VECTOR('',#1560,10.);
#395=VECTOR('',#1561,10.);
#396=VECTOR('',#1564,10.);
#397=VECTOR('',#1565,10.);
#398=VECTOR('',#1566,10.);
#399=VECTOR('',#1569,10.);
#400=VECTOR('',#1570,10.);
#401=VECTOR('',#1571,10.);
#402=VECTOR('',#1574,10.);
#403=VECTOR('',#1575,10.);
#404=VECTOR('',#1578,10.);
#405=VECTOR('',#1579,10.);
#406=VECTOR('',#1580,10.);
#407=VECTOR('',#1583,10.);
#408=VECTOR('',#1584,10.);
#409=VECTOR('',#1587,10.);
#410=VECTOR('',#1588,10.);
#411=VECTOR('',#1589,10.);
#412=VECTOR('',#1590,10.);
#413=VECTOR('',#1593,10.);
#414=VECTOR('',#1594,10.);
#415=VECTOR('',#1597,10.);
#416=VECTOR('',#1600,10.);
#417=VECTOR('',#1601,10.);
#418=VECTOR('',#1602,10.);
#419=VECTOR('',#1603,10.);
#420=VECTOR('',#1606,10.);
#421=VECTOR('',#1607,10.);
#422=VECTOR('',#1608,10.);
#423=VECTOR('',#1611,10.);
#424=VECTOR('',#1612,10.);
#425=VECTOR('',#1613,10.);
#426=VECTOR('',#1616,10.);
#427=VECTOR('',#1617,10.);
#428=VECTOR('',#1622,10.);
#429=VECTOR('',#1623,10.);
#430=VECTOR('',#1624,10.);
#431=VECTOR('',#1625,10.);
#432=VECTOR('',#1626,10.);
#433=VECTOR('',#1627,10.);
#434=VECTOR('',#1628,10.);
#435=VECTOR('',#1629,10.);
#436=VECTOR('',#1632,10.);
#437=VECTOR('',#1633,10.);
#438=VECTOR('',#1634,10.);
#439=VECTOR('',#1635,10.);
#440=VECTOR('',#1636,10.);
#441=VECTOR('',#1639,10.);
#442=VECTOR('',#1640,10.);
#443=VECTOR('',#1641,10.);
#444=VECTOR('',#1642,10.);
#445=VECTOR('',#1643,10.);
#446=VECTOR('',#1644,10.);
#447=VECTOR('',#1647,10.);
#448=VECTOR('',#1648,10.);
#449=VECTOR('',#1649,10.);
#450=VECTOR('',#1652,10.);
#451=VECTOR('',#1653,10.);
#452=VECTOR('',#1656,10.);
#453=VECTOR('',#1657,10.);
#454=VECTOR('',#1658,10.);
#455=VECTOR('',#1661,10.);
#456=VECTOR('',#1662,10.);
#457=VECTOR('',#1663,10.);
#458=VECTOR('',#1664,10.);
#459=VECTOR('',#1667,10.);
#460=VECTOR('',#1668,10.);
#461=VECTOR('',#1669,10.);
#462=VECTOR('',#1670,10.);
#463=VECTOR('',#1671,10.);
#464=VECTOR('',#1672,10.);
#465=VECTOR('',#1673,10.);
#466=VECTOR('',#1674,10.);
#467=VECTOR('',#1675,10.);
#468=VECTOR('',#1676,10.);
#469=VECTOR('',#1677,10.);
#470=VECTOR('',#1680,10.);
#471=VECTOR('',#1681,10.);
#472=VECTOR('',#1682,10.);
#473=VECTOR('',#1683,10.);
#474=VECTOR('',#1684,10.);
#475=VECTOR('',#1685,10.);
#476=VECTOR('',#1686,10.);
#477=VECTOR('',#1687,10.);
#478=VECTOR('',#1688,10.);
#479=VECTOR('',#1689,10.);
#480=VECTOR('',#1690,10.);
#481=VECTOR('',#1697,10.);
#482=VECTOR('',#1698,10.);
#483=VECTOR('',#1699,10.);
#484=VECTOR('',#1700,10.);
#485=VECTOR('',#1703,10.);
#486=VECTOR('',#1704,10.);
#487=VECTOR('',#1707,10.);
#488=VECTOR('',#1708,10.);
#489=VECTOR('',#1709,10.);
#490=VECTOR('',#1712,10.);
#491=VECTOR('',#1713,10.);
#492=VECTOR('',#1714,10.);
#493=VECTOR('',#1717,10.);
#494=VECTOR('',#1718,10.);
#495=VECTOR('',#1721,10.);
#496=VECTOR('',#1722,10.);
#497=VECTOR('',#1725,10.);
#498=VECTOR('',#1726,10.);
#499=VECTOR('',#1727,10.);
#500=VECTOR('',#1730,10.);
#501=VECTOR('',#1731,10.);
#502=VECTOR('',#1732,10.);
#503=VECTOR('',#1735,10.);
#504=VECTOR('',#1736,10.);
#505=VECTOR('',#1737,10.);
#506=VECTOR('',#1740,10.);
#507=VECTOR('',#1757,3.3);
#508=VECTOR('',#1760,2.1);
#509=VECTOR('',#1769,3.3);
#510=VECTOR('',#1772,2.1);
#511=VECTOR('',#1775,10.);
#512=VECTOR('',#1776,10.);
#513=VECTOR('',#1777,10.);
#514=VECTOR('',#1778,10.);
#515=VECTOR('',#1781,10.);
#516=VECTOR('',#1782,10.);
#517=VECTOR('',#1783,10.);
#518=VECTOR('',#1786,10.);
#519=VECTOR('',#1787,10.);
#520=VECTOR('',#1788,10.);
#521=VECTOR('',#1789,10.);
#522=VECTOR('',#1790,10.);
#523=VECTOR('',#1791,10.);
#524=VECTOR('',#1794,10.);
#525=VECTOR('',#1795,10.);
#526=VECTOR('',#1796,10.);
#527=VECTOR('',#1797,10.);
#528=VECTOR('',#1798,10.);
#529=VECTOR('',#1799,10.);
#530=VECTOR('',#1802,10.);
#531=VECTOR('',#1803,10.);
#532=VECTOR('',#1806,10.);
#533=VECTOR('',#1807,10.);
#534=VECTOR('',#1810,10.);
#535=VECTOR('',#1811,10.);
#536=VECTOR('',#1812,10.);
#537=VECTOR('',#1813,10.);
#538=VECTOR('',#1816,10.);
#539=VECTOR('',#1817,10.);
#540=VECTOR('',#1820,10.);
#541=VECTOR('',#1823,10.);
#542=VECTOR('',#1824,10.);
#543=VECTOR('',#1825,10.);
#544=VECTOR('',#1826,10.);
#545=VECTOR('',#1829,10.);
#546=VECTOR('',#1830,10.);
#547=VECTOR('',#1833,10.);
#548=VECTOR('',#1836,10.);
#549=VECTOR('',#1841,10.);
#550=VECTOR('',#1844,10.);
#551=VECTOR('',#1845,10.);
#552=VECTOR('',#1848,10.);
#553=VECTOR('',#1851,10.);
#554=VECTOR('',#1852,10.);
#555=VECTOR('',#1855,10.);
#556=VECTOR('',#1856,10.);
#557=VECTOR('',#1857,10.);
#558=VECTOR('',#1860,10.);
#559=VECTOR('',#1861,10.);
#560=VECTOR('',#1864,10.);
#561=VECTOR('',#1865,10.);
#562=VECTOR('',#1868,10.);
#563=VECTOR('',#1869,10.);
#564=VECTOR('',#1872,10.);
#565=VECTOR('',#1873,10.);
#566=VECTOR('',#1876,10.);
#567=VECTOR('',#1877,10.);
#568=VECTOR('',#1878,10.);
#569=VECTOR('',#1879,10.);
#570=VECTOR('',#1880,10.);
#571=VECTOR('',#1883,10.);
#572=VECTOR('',#1884,10.);
#573=VECTOR('',#1887,10.);
#574=VECTOR('',#1890,10.);
#575=VECTOR('',#1891,10.);
#576=VECTOR('',#1894,10.);
#577=VECTOR('',#1899,10.);
#578=VECTOR('',#1904,10.);
#579=VECTOR('',#1905,10.);
#580=VECTOR('',#1908,10.);
#581=VECTOR('',#1909,10.);
#582=VECTOR('',#1912,10.);
#583=VERTEX_POINT('',#1917);
#584=VERTEX_POINT('',#1918);
#585=VERTEX_POINT('',#1920);
#586=VERTEX_POINT('',#1922);
#587=VERTEX_POINT('',#1926);
#588=VERTEX_POINT('',#1928);
#589=VERTEX_POINT('',#1932);
#590=VERTEX_POINT('',#1934);
#591=VERTEX_POINT('',#1941);
#592=VERTEX_POINT('',#1943);
#593=VERTEX_POINT('',#1947);
#594=VERTEX_POINT('',#1951);
#595=VERTEX_POINT('',#1952);
#596=VERTEX_POINT('',#1954);
#597=VERTEX_POINT('',#1956);
#598=VERTEX_POINT('',#1960);
#599=VERTEX_POINT('',#1966);
#600=VERTEX_POINT('',#1967);
#601=VERTEX_POINT('',#1969);
#602=VERTEX_POINT('',#1971);
#603=VERTEX_POINT('',#1975);
#604=VERTEX_POINT('',#1977);
#605=VERTEX_POINT('',#1981);
#606=VERTEX_POINT('',#1983);
#607=VERTEX_POINT('',#1991);
#608=VERTEX_POINT('',#1992);
#609=VERTEX_POINT('',#1994);
#610=VERTEX_POINT('',#1996);
#611=VERTEX_POINT('',#1998);
#612=VERTEX_POINT('',#2000);
#613=VERTEX_POINT('',#2002);
#614=VERTEX_POINT('',#2004);
#615=VERTEX_POINT('',#2008);
#616=VERTEX_POINT('',#2010);
#617=VERTEX_POINT('',#2012);
#618=VERTEX_POINT('',#2014);
#619=VERTEX_POINT('',#2018);
#620=VERTEX_POINT('',#2020);
#621=VERTEX_POINT('',#2022);
#622=VERTEX_POINT('',#2024);
#623=VERTEX_POINT('',#2026);
#624=VERTEX_POINT('',#2030);
#625=VERTEX_POINT('',#2032);
#626=VERTEX_POINT('',#2036);
#627=VERTEX_POINT('',#2040);
#628=VERTEX_POINT('',#2042);
#629=VERTEX_POINT('',#2046);
#630=VERTEX_POINT('',#2047);
#631=VERTEX_POINT('',#2049);
#632=VERTEX_POINT('',#2051);
#633=VERTEX_POINT('',#2055);
#634=VERTEX_POINT('',#2057);
#635=VERTEX_POINT('',#2059);
#636=VERTEX_POINT('',#2061);
#637=VERTEX_POINT('',#2063);
#638=VERTEX_POINT('',#2065);
#639=VERTEX_POINT('',#2067);
#640=VERTEX_POINT('',#2069);
#641=VERTEX_POINT('',#2071);
#642=VERTEX_POINT('',#2073);
#643=VERTEX_POINT('',#2077);
#644=VERTEX_POINT('',#2079);
#645=VERTEX_POINT('',#2081);
#646=VERTEX_POINT('',#2084);
#647=VERTEX_POINT('',#2086);
#648=VERTEX_POINT('',#2089);
#649=VERTEX_POINT('',#2091);
#650=VERTEX_POINT('',#2093);
#651=VERTEX_POINT('',#2096);
#652=VERTEX_POINT('',#2098);
#653=VERTEX_POINT('',#2101);
#654=VERTEX_POINT('',#2102);
#655=VERTEX_POINT('',#2104);
#656=VERTEX_POINT('',#2106);
#657=VERTEX_POINT('',#2110);
#658=VERTEX_POINT('',#2114);
#659=VERTEX_POINT('',#2115);
#660=VERTEX_POINT('',#2117);
#661=VERTEX_POINT('',#2121);
#662=VERTEX_POINT('',#2122);
#663=VERTEX_POINT('',#2124);
#664=VERTEX_POINT('',#2135);
#665=VERTEX_POINT('',#2139);
#666=VERTEX_POINT('',#2145);
#667=VERTEX_POINT('',#2151);
#668=VERTEX_POINT('',#2153);
#669=VERTEX_POINT('',#2157);
#670=VERTEX_POINT('',#2159);
#671=VERTEX_POINT('',#2166);
#672=VERTEX_POINT('',#2168);
#673=VERTEX_POINT('',#2175);
#674=VERTEX_POINT('',#2176);
#675=VERTEX_POINT('',#2178);
#676=VERTEX_POINT('',#2180);
#677=VERTEX_POINT('',#2184);
#678=VERTEX_POINT('',#2186);
#679=VERTEX_POINT('',#2190);
#680=VERTEX_POINT('',#2191);
#681=VERTEX_POINT('',#2193);
#682=VERTEX_POINT('',#2195);
#683=VERTEX_POINT('',#2197);
#684=VERTEX_POINT('',#2199);
#685=VERTEX_POINT('',#2203);
#686=VERTEX_POINT('',#2205);
#687=VERTEX_POINT('',#2207);
#688=VERTEX_POINT('',#2210);
#689=VERTEX_POINT('',#2217);
#690=VERTEX_POINT('',#2221);
#691=VERTEX_POINT('',#2224);
#692=VERTEX_POINT('',#2228);
#693=VERTEX_POINT('',#2234);
#694=VERTEX_POINT('',#2236);
#695=VERTEX_POINT('',#2238);
#696=VERTEX_POINT('',#2242);
#697=VERTEX_POINT('',#2253);
#698=VERTEX_POINT('',#2259);
#699=VERTEX_POINT('',#2263);
#700=VERTEX_POINT('',#2265);
#701=VERTEX_POINT('',#2269);
#702=VERTEX_POINT('',#2273);
#703=VERTEX_POINT('',#2277);
#704=VERTEX_POINT('',#2284);
#705=VERTEX_POINT('',#2286);
#706=VERTEX_POINT('',#2288);
#707=VERTEX_POINT('',#2290);
#708=VERTEX_POINT('',#2299);
#709=VERTEX_POINT('',#2309);
#710=VERTEX_POINT('',#2313);
#711=EDGE_CURVE('',#583,#584,#201,.T.);
#712=EDGE_CURVE('',#584,#585,#202,.T.);
#713=EDGE_CURVE('',#585,#586,#203,.T.);
#714=EDGE_CURVE('',#586,#583,#204,.T.);
#715=EDGE_CURVE('',#587,#585,#205,.T.);
#716=EDGE_CURVE('',#584,#588,#206,.T.);
#717=EDGE_CURVE('',#588,#587,#207,.T.);
#718=EDGE_CURVE('',#589,#583,#208,.T.);
#719=EDGE_CURVE('',#586,#590,#209,.T.);
#720=EDGE_CURVE('',#590,#589,#210,.T.);
#721=EDGE_CURVE('',#588,#589,#211,.T.);
#722=EDGE_CURVE('',#590,#587,#212,.T.);
#723=EDGE_CURVE('',#591,#586,#213,.T.);
#724=EDGE_CURVE('',#591,#592,#214,.T.);
#725=EDGE_CURVE('',#590,#592,#215,.T.);
#726=EDGE_CURVE('',#585,#593,#216,.T.);
#727=EDGE_CURVE('',#593,#591,#217,.T.);
#728=EDGE_CURVE('',#594,#595,#218,.T.);
#729=EDGE_CURVE('',#596,#594,#219,.T.);
#730=EDGE_CURVE('',#597,#596,#220,.T.);
#731=EDGE_CURVE('',#597,#595,#221,.T.);
#732=EDGE_CURVE('',#592,#598,#222,.T.);
#733=EDGE_CURVE('',#598,#587,#223,.T.);
#734=EDGE_CURVE('',#598,#593,#224,.T.);
#735=EDGE_CURVE('',#599,#600,#225,.T.);
#736=EDGE_CURVE('',#601,#599,#226,.T.);
#737=EDGE_CURVE('',#602,#601,#227,.T.);
#738=EDGE_CURVE('',#600,#602,#228,.T.);
#739=EDGE_CURVE('',#600,#603,#229,.T.);
#740=EDGE_CURVE('',#602,#604,#230,.T.);
#741=EDGE_CURVE('',#604,#603,#231,.T.);
#742=EDGE_CURVE('',#603,#605,#232,.T.);
#743=EDGE_CURVE('',#606,#604,#233,.T.);
#744=EDGE_CURVE('',#605,#606,#234,.T.);
#745=EDGE_CURVE('',#605,#599,#235,.T.);
#746=EDGE_CURVE('',#601,#606,#236,.T.);
#747=EDGE_CURVE('',#607,#608,#237,.T.);
#748=EDGE_CURVE('',#608,#609,#238,.T.);
#749=EDGE_CURVE('',#609,#610,#239,.F.);
#750=EDGE_CURVE('',#610,#611,#240,.T.);
#751=EDGE_CURVE('',#611,#612,#241,.T.);
#752=EDGE_CURVE('',#612,#613,#242,.T.);
#753=EDGE_CURVE('',#613,#614,#243,.T.);
#754=EDGE_CURVE('',#614,#607,#244,.T.);
#755=EDGE_CURVE('',#615,#607,#245,.T.);
#756=EDGE_CURVE('',#615,#616,#246,.T.);
#757=EDGE_CURVE('',#616,#617,#247,.T.);
#758=EDGE_CURVE('',#618,#617,#248,.T.);
#759=EDGE_CURVE('',#608,#618,#249,.T.);
#760=EDGE_CURVE('',#619,#614,#250,.T.);
#761=EDGE_CURVE('',#619,#620,#251,.T.);
#762=EDGE_CURVE('',#621,#620,#252,.T.);
#763=EDGE_CURVE('',#622,#621,#253,.T.);
#764=EDGE_CURVE('',#623,#622,#254,.T.);
#765=EDGE_CURVE('',#623,#615,#255,.T.);
#766=EDGE_CURVE('',#612,#624,#256,.T.);
#767=EDGE_CURVE('',#625,#624,#257,.T.);
#768=EDGE_CURVE('',#625,#613,#258,.T.);
#769=EDGE_CURVE('',#626,#618,#259,.T.);
#770=EDGE_CURVE('',#609,#626,#260,.T.);
#771=EDGE_CURVE('',#627,#625,#261,.T.);
#772=EDGE_CURVE('',#628,#627,#262,.T.);
#773=EDGE_CURVE('',#628,#619,#263,.T.);
#774=EDGE_CURVE('',#629,#630,#264,.T.);
#775=EDGE_CURVE('',#630,#631,#265,.T.);
#776=EDGE_CURVE('',#631,#632,#266,.F.);
#777=EDGE_CURVE('',#632,#629,#267,.T.);
#778=EDGE_CURVE('',#630,#633,#268,.T.);
#779=EDGE_CURVE('',#634,#633,#269,.T.);
#780=EDGE_CURVE('',#635,#634,#270,.T.);
#781=EDGE_CURVE('',#636,#635,#271,.T.);
#782=EDGE_CURVE('',#637,#636,#272,.T.);
#783=EDGE_CURVE('',#638,#637,#273,.T.);
#784=EDGE_CURVE('',#639,#638,#274,.T.);
#785=EDGE_CURVE('',#640,#639,#275,.T.);
#786=EDGE_CURVE('',#641,#640,#276,.T.);
#787=EDGE_CURVE('',#642,#641,#277,.T.);
#788=EDGE_CURVE('',#631,#642,#278,.T.);
#789=EDGE_CURVE('',#611,#643,#279,.T.);
#790=EDGE_CURVE('',#643,#644,#280,.T.);
#791=EDGE_CURVE('',#645,#644,#281,.T.);
#792=EDGE_CURVE('',#595,#645,#282,.T.);
#793=EDGE_CURVE('',#646,#597,#283,.T.);
#794=EDGE_CURVE('',#647,#646,#284,.T.);
#795=EDGE_CURVE('',#647,#633,#285,.T.);
#796=EDGE_CURVE('',#629,#648,#286,.T.);
#797=EDGE_CURVE('',#648,#649,#287,.T.);
#798=EDGE_CURVE('',#649,#650,#288,.T.);
#799=EDGE_CURVE('',#650,#624,#289,.T.);
#800=EDGE_CURVE('',#651,#651,#19,.T.);
#801=EDGE_CURVE('',#652,#652,#20,.T.);
#802=EDGE_CURVE('',#653,#654,#290,.T.);
#803=EDGE_CURVE('',#654,#655,#291,.T.);
#804=EDGE_CURVE('',#655,#656,#292,.T.);
#805=EDGE_CURVE('',#656,#653,#293,.T.);
#806=EDGE_CURVE('',#645,#657,#294,.T.);
#807=EDGE_CURVE('',#657,#594,#295,.T.);
#808=EDGE_CURVE('',#658,#659,#296,.T.);
#809=EDGE_CURVE('',#660,#658,#297,.T.);
#810=EDGE_CURVE('',#659,#660,#298,.T.);
#811=EDGE_CURVE('',#661,#662,#299,.T.);
#812=EDGE_CURVE('',#663,#661,#300,.T.);
#813=EDGE_CURVE('',#662,#663,#301,.T.);
#814=EDGE_CURVE('',#658,#663,#302,.T.);
#815=EDGE_CURVE('',#661,#660,#303,.T.);
#816=EDGE_CURVE('',#657,#662,#304,.T.);
#817=EDGE_CURVE('',#663,#594,#305,.T.);
#818=EDGE_CURVE('',#656,#661,#306,.T.);
#819=EDGE_CURVE('',#662,#664,#307,.T.);
#820=EDGE_CURVE('',#664,#653,#308,.T.);
#821=EDGE_CURVE('',#665,#659,#309,.T.);
#822=EDGE_CURVE('',#660,#655,#310,.T.);
#823=EDGE_CURVE('',#654,#665,#311,.T.);
#824=EDGE_CURVE('',#596,#658,#312,.T.);
#825=EDGE_CURVE('',#659,#666,#313,.T.);
#826=EDGE_CURVE('',#666,#596,#314,.T.);
#827=EDGE_CURVE('',#666,#646,#315,.T.);
#828=EDGE_CURVE('',#667,#667,#21,.T.);
#829=EDGE_CURVE('',#668,#668,#22,.T.);
#830=EDGE_CURVE('',#669,#669,#23,.T.);
#831=EDGE_CURVE('',#670,#670,#24,.T.);
#832=EDGE_CURVE('',#669,#668,#316,.T.);
#833=EDGE_CURVE('',#651,#670,#317,.T.);
#834=EDGE_CURVE('',#671,#671,#25,.T.);
#835=EDGE_CURVE('',#672,#672,#26,.T.);
#836=EDGE_CURVE('',#671,#667,#318,.T.);
#837=EDGE_CURVE('',#652,#672,#319,.T.);
#838=EDGE_CURVE('',#673,#674,#320,.T.);
#839=EDGE_CURVE('',#673,#675,#321,.T.);
#840=EDGE_CURVE('',#676,#675,#322,.T.);
#841=EDGE_CURVE('',#674,#676,#323,.T.);
#842=EDGE_CURVE('',#674,#677,#324,.T.);
#843=EDGE_CURVE('',#678,#676,#325,.T.);
#844=EDGE_CURVE('',#677,#678,#326,.T.);
#845=EDGE_CURVE('',#679,#680,#327,.T.);
#846=EDGE_CURVE('',#679,#681,#328,.T.);
#847=EDGE_CURVE('',#682,#681,#329,.T.);
#848=EDGE_CURVE('',#682,#683,#330,.T.);
#849=EDGE_CURVE('',#683,#684,#331,.T.);
#850=EDGE_CURVE('',#680,#684,#332,.T.);
#851=EDGE_CURVE('',#684,#685,#333,.T.);
#852=EDGE_CURVE('',#683,#686,#334,.T.);
#853=EDGE_CURVE('',#686,#687,#335,.T.);
#854=EDGE_CURVE('',#687,#621,#336,.T.);
#855=EDGE_CURVE('',#620,#688,#337,.T.);
#856=EDGE_CURVE('',#688,#685,#338,.T.);
#857=EDGE_CURVE('',#685,#627,#339,.T.);
#858=EDGE_CURVE('',#688,#628,#340,.T.);
#859=EDGE_CURVE('',#689,#687,#341,.T.);
#860=EDGE_CURVE('',#622,#689,#342,.T.);
#861=EDGE_CURVE('',#690,#682,#343,.T.);
#862=EDGE_CURVE('',#686,#690,#344,.T.);
#863=EDGE_CURVE('',#675,#691,#345,.T.);
#864=EDGE_CURVE('',#691,#678,#346,.T.);
#865=EDGE_CURVE('',#692,#679,#347,.T.);
#866=EDGE_CURVE('',#681,#692,#348,.T.);
#867=EDGE_CURVE('',#690,#689,#349,.T.);
#868=EDGE_CURVE('',#693,#692,#350,.T.);
#869=EDGE_CURVE('',#694,#693,#351,.T.);
#870=EDGE_CURVE('',#694,#695,#352,.T.);
#871=EDGE_CURVE('',#695,#623,#353,.T.);
#872=EDGE_CURVE('',#677,#696,#354,.T.);
#873=EDGE_CURVE('',#696,#691,#355,.T.);
#874=EDGE_CURVE('',#616,#695,#356,.T.);
#875=EDGE_CURVE('',#617,#694,#357,.T.);
#876=EDGE_CURVE('',#696,#673,#358,.T.);
#877=EDGE_CURVE('',#697,#693,#359,.T.);
#878=EDGE_CURVE('',#626,#697,#360,.T.);
#879=EDGE_CURVE('',#680,#650,#361,.T.);
#880=EDGE_CURVE('',#698,#632,#362,.T.);
#881=EDGE_CURVE('',#648,#698,#363,.T.);
#882=EDGE_CURVE('',#637,#699,#364,.T.);
#883=EDGE_CURVE('',#699,#700,#365,.T.);
#884=EDGE_CURVE('',#638,#700,#366,.T.);
#885=EDGE_CURVE('',#636,#701,#367,.T.);
#886=EDGE_CURVE('',#701,#699,#368,.T.);
#887=EDGE_CURVE('',#635,#702,#369,.T.);
#888=EDGE_CURVE('',#702,#701,#370,.T.);
#889=EDGE_CURVE('',#634,#703,#371,.T.);
#890=EDGE_CURVE('',#703,#702,#372,.T.);
#891=EDGE_CURVE('',#633,#643,#373,.T.);
#892=EDGE_CURVE('',#643,#703,#374,.T.);
#893=EDGE_CURVE('',#704,#610,#375,.T.);
#894=EDGE_CURVE('',#705,#704,#376,.T.);
#895=EDGE_CURVE('',#706,#705,#377,.T.);
#896=EDGE_CURVE('',#707,#706,#378,.T.);
#897=EDGE_CURVE('',#700,#707,#379,.T.);
#898=EDGE_CURVE('',#640,#706,#380,.T.);
#899=EDGE_CURVE('',#641,#705,#381,.T.);
#900=EDGE_CURVE('',#642,#704,#382,.T.);
#901=EDGE_CURVE('',#708,#697,#383,.T.);
#902=EDGE_CURVE('',#708,#698,#384,.T.);
#903=EDGE_CURVE('',#649,#708,#385,.T.);
#904=EDGE_CURVE('',#639,#707,#386,.T.);
#905=EDGE_CURVE('',#665,#709,#387,.T.);
#906=EDGE_CURVE('',#709,#647,#388,.T.);
#907=EDGE_CURVE('',#710,#664,#389,.T.);
#908=EDGE_CURVE('',#709,#710,#390,.T.);
#909=EDGE_CURVE('',#644,#710,#391,.T.);
#910=ORIENTED_EDGE('',*,*,#711,.T.);
#911=ORIENTED_EDGE('',*,*,#712,.T.);
#912=ORIENTED_EDGE('',*,*,#713,.T.);
#913=ORIENTED_EDGE('',*,*,#714,.T.);
#914=ORIENTED_EDGE('',*,*,#715,.T.);
#915=ORIENTED_EDGE('',*,*,#712,.F.);
#916=ORIENTED_EDGE('',*,*,#716,.T.);
#917=ORIENTED_EDGE('',*,*,#717,.T.);
#918=ORIENTED_EDGE('',*,*,#718,.T.);
#919=ORIENTED_EDGE('',*,*,#714,.F.);
#920=ORIENTED_EDGE('',*,*,#719,.T.);
#921=ORIENTED_EDGE('',*,*,#720,.T.);
#922=ORIENTED_EDGE('',*,*,#721,.T.);
#923=ORIENTED_EDGE('',*,*,#720,.F.);
#924=ORIENTED_EDGE('',*,*,#722,.T.);
#925=ORIENTED_EDGE('',*,*,#717,.F.);
#926=ORIENTED_EDGE('',*,*,#719,.F.);
#927=ORIENTED_EDGE('',*,*,#723,.F.);
#928=ORIENTED_EDGE('',*,*,#724,.T.);
#929=ORIENTED_EDGE('',*,*,#725,.F.);
#930=ORIENTED_EDGE('',*,*,#713,.F.);
#931=ORIENTED_EDGE('',*,*,#726,.T.);
#932=ORIENTED_EDGE('',*,*,#727,.T.);
#933=ORIENTED_EDGE('',*,*,#723,.T.);
#934=ORIENTED_EDGE('',*,*,#728,.F.);
#935=ORIENTED_EDGE('',*,*,#729,.F.);
#936=ORIENTED_EDGE('',*,*,#730,.F.);
#937=ORIENTED_EDGE('',*,*,#731,.T.);
#938=ORIENTED_EDGE('',*,*,#711,.F.);
#939=ORIENTED_EDGE('',*,*,#718,.F.);
#940=ORIENTED_EDGE('',*,*,#721,.F.);
#941=ORIENTED_EDGE('',*,*,#716,.F.);
#942=ORIENTED_EDGE('',*,*,#722,.F.);
#943=ORIENTED_EDGE('',*,*,#725,.T.);
#944=ORIENTED_EDGE('',*,*,#732,.T.);
#945=ORIENTED_EDGE('',*,*,#733,.T.);
#946=ORIENTED_EDGE('',*,*,#715,.F.);
#947=ORIENTED_EDGE('',*,*,#733,.F.);
#948=ORIENTED_EDGE('',*,*,#734,.T.);
#949=ORIENTED_EDGE('',*,*,#726,.F.);
#950=ORIENTED_EDGE('',*,*,#735,.F.);
#951=ORIENTED_EDGE('',*,*,#736,.F.);
#952=ORIENTED_EDGE('',*,*,#737,.F.);
#953=ORIENTED_EDGE('',*,*,#738,.F.);
#954=ORIENTED_EDGE('',*,*,#739,.F.);
#955=ORIENTED_EDGE('',*,*,#738,.T.);
#956=ORIENTED_EDGE('',*,*,#740,.T.);
#957=ORIENTED_EDGE('',*,*,#741,.T.);
#958=ORIENTED_EDGE('',*,*,#742,.F.);
#959=ORIENTED_EDGE('',*,*,#741,.F.);
#960=ORIENTED_EDGE('',*,*,#743,.F.);
#961=ORIENTED_EDGE('',*,*,#744,.F.);
#962=ORIENTED_EDGE('',*,*,#745,.F.);
#963=ORIENTED_EDGE('',*,*,#744,.T.);
#964=ORIENTED_EDGE('',*,*,#746,.F.);
#965=ORIENTED_EDGE('',*,*,#736,.T.);
#966=ORIENTED_EDGE('',*,*,#740,.F.);
#967=ORIENTED_EDGE('',*,*,#737,.T.);
#968=ORIENTED_EDGE('',*,*,#746,.T.);
#969=ORIENTED_EDGE('',*,*,#743,.T.);
#970=ORIENTED_EDGE('',*,*,#734,.F.);
#971=ORIENTED_EDGE('',*,*,#732,.F.);
#972=ORIENTED_EDGE('',*,*,#724,.F.);
#973=ORIENTED_EDGE('',*,*,#727,.F.);
#974=ORIENTED_EDGE('',*,*,#747,.T.);
#975=ORIENTED_EDGE('',*,*,#748,.T.);
#976=ORIENTED_EDGE('',*,*,#749,.T.);
#977=ORIENTED_EDGE('',*,*,#750,.T.);
#978=ORIENTED_EDGE('',*,*,#751,.T.);
#979=ORIENTED_EDGE('',*,*,#752,.T.);
#980=ORIENTED_EDGE('',*,*,#753,.T.);
#981=ORIENTED_EDGE('',*,*,#754,.T.);
#982=ORIENTED_EDGE('',*,*,#747,.F.);
#983=ORIENTED_EDGE('',*,*,#755,.F.);
#984=ORIENTED_EDGE('',*,*,#756,.T.);
#985=ORIENTED_EDGE('',*,*,#757,.T.);
#986=ORIENTED_EDGE('',*,*,#758,.F.);
#987=ORIENTED_EDGE('',*,*,#759,.F.);
#988=ORIENTED_EDGE('',*,*,#754,.F.);
#989=ORIENTED_EDGE('',*,*,#760,.F.);
#990=ORIENTED_EDGE('',*,*,#761,.T.);
#991=ORIENTED_EDGE('',*,*,#762,.F.);
#992=ORIENTED_EDGE('',*,*,#763,.F.);
#993=ORIENTED_EDGE('',*,*,#764,.F.);
#994=ORIENTED_EDGE('',*,*,#765,.T.);
#995=ORIENTED_EDGE('',*,*,#755,.T.);
#996=ORIENTED_EDGE('',*,*,#752,.F.);
#997=ORIENTED_EDGE('',*,*,#766,.T.);
#998=ORIENTED_EDGE('',*,*,#767,.F.);
#999=ORIENTED_EDGE('',*,*,#768,.T.);
#1000=ORIENTED_EDGE('',*,*,#748,.F.);
#1001=ORIENTED_EDGE('',*,*,#759,.T.);
#1002=ORIENTED_EDGE('',*,*,#769,.F.);
#1003=ORIENTED_EDGE('',*,*,#770,.F.);
#1004=ORIENTED_EDGE('',*,*,#753,.F.);
#1005=ORIENTED_EDGE('',*,*,#768,.F.);
#1006=ORIENTED_EDGE('',*,*,#771,.F.);
#1007=ORIENTED_EDGE('',*,*,#772,.F.);
#1008=ORIENTED_EDGE('',*,*,#773,.T.);
#1009=ORIENTED_EDGE('',*,*,#760,.T.);
#1010=ORIENTED_EDGE('',*,*,#774,.T.);
#1011=ORIENTED_EDGE('',*,*,#775,.T.);
#1012=ORIENTED_EDGE('',*,*,#776,.T.);
#1013=ORIENTED_EDGE('',*,*,#777,.T.);
#1014=ORIENTED_EDGE('',*,*,#775,.F.);
#1015=ORIENTED_EDGE('',*,*,#778,.T.);
#1016=ORIENTED_EDGE('',*,*,#779,.F.);
#1017=ORIENTED_EDGE('',*,*,#780,.F.);
#1018=ORIENTED_EDGE('',*,*,#781,.F.);
#1019=ORIENTED_EDGE('',*,*,#782,.F.);
#1020=ORIENTED_EDGE('',*,*,#783,.F.);
#1021=ORIENTED_EDGE('',*,*,#784,.F.);
#1022=ORIENTED_EDGE('',*,*,#785,.F.);
#1023=ORIENTED_EDGE('',*,*,#786,.F.);
#1024=ORIENTED_EDGE('',*,*,#787,.F.);
#1025=ORIENTED_EDGE('',*,*,#788,.F.);
#1026=ORIENTED_EDGE('',*,*,#751,.F.);
#1027=ORIENTED_EDGE('',*,*,#789,.T.);
#1028=ORIENTED_EDGE('',*,*,#790,.T.);
#1029=ORIENTED_EDGE('',*,*,#791,.F.);
#1030=ORIENTED_EDGE('',*,*,#792,.F.);
#1031=ORIENTED_EDGE('',*,*,#731,.F.);
#1032=ORIENTED_EDGE('',*,*,#793,.F.);
#1033=ORIENTED_EDGE('',*,*,#794,.F.);
#1034=ORIENTED_EDGE('',*,*,#795,.T.);
#1035=ORIENTED_EDGE('',*,*,#778,.F.);
#1036=ORIENTED_EDGE('',*,*,#774,.F.);
#1037=ORIENTED_EDGE('',*,*,#796,.T.);
#1038=ORIENTED_EDGE('',*,*,#797,.T.);
#1039=ORIENTED_EDGE('',*,*,#798,.T.);
#1040=ORIENTED_EDGE('',*,*,#799,.T.);
#1041=ORIENTED_EDGE('',*,*,#766,.F.);
#1042=ORIENTED_EDGE('',*,*,#800,.T.);
#1043=ORIENTED_EDGE('',*,*,#801,.T.);
#1044=ORIENTED_EDGE('',*,*,#802,.T.);
#1045=ORIENTED_EDGE('',*,*,#803,.T.);
#1046=ORIENTED_EDGE('',*,*,#804,.T.);
#1047=ORIENTED_EDGE('',*,*,#805,.T.);
#1048=ORIENTED_EDGE('',*,*,#728,.T.);
#1049=ORIENTED_EDGE('',*,*,#792,.T.);
#1050=ORIENTED_EDGE('',*,*,#806,.T.);
#1051=ORIENTED_EDGE('',*,*,#807,.T.);
#1052=ORIENTED_EDGE('',*,*,#808,.F.);
#1053=ORIENTED_EDGE('',*,*,#809,.F.);
#1054=ORIENTED_EDGE('',*,*,#810,.F.);
#1055=ORIENTED_EDGE('',*,*,#811,.F.);
#1056=ORIENTED_EDGE('',*,*,#812,.F.);
#1057=ORIENTED_EDGE('',*,*,#813,.F.);
#1058=ORIENTED_EDGE('',*,*,#809,.T.);
#1059=ORIENTED_EDGE('',*,*,#814,.T.);
#1060=ORIENTED_EDGE('',*,*,#812,.T.);
#1061=ORIENTED_EDGE('',*,*,#815,.T.);
#1062=ORIENTED_EDGE('',*,*,#816,.T.);
#1063=ORIENTED_EDGE('',*,*,#813,.T.);
#1064=ORIENTED_EDGE('',*,*,#817,.T.);
#1065=ORIENTED_EDGE('',*,*,#807,.F.);
#1066=ORIENTED_EDGE('',*,*,#818,.T.);
#1067=ORIENTED_EDGE('',*,*,#811,.T.);
#1068=ORIENTED_EDGE('',*,*,#819,.T.);
#1069=ORIENTED_EDGE('',*,*,#820,.T.);
#1070=ORIENTED_EDGE('',*,*,#805,.F.);
#1071=ORIENTED_EDGE('',*,*,#821,.T.);
#1072=ORIENTED_EDGE('',*,*,#810,.T.);
#1073=ORIENTED_EDGE('',*,*,#822,.T.);
#1074=ORIENTED_EDGE('',*,*,#803,.F.);
#1075=ORIENTED_EDGE('',*,*,#823,.T.);
#1076=ORIENTED_EDGE('',*,*,#824,.T.);
#1077=ORIENTED_EDGE('',*,*,#808,.T.);
#1078=ORIENTED_EDGE('',*,*,#825,.T.);
#1079=ORIENTED_EDGE('',*,*,#826,.T.);
#1080=ORIENTED_EDGE('',*,*,#827,.T.);
#1081=ORIENTED_EDGE('',*,*,#793,.T.);
#1082=ORIENTED_EDGE('',*,*,#730,.T.);
#1083=ORIENTED_EDGE('',*,*,#826,.F.);
#1084=ORIENTED_EDGE('',*,*,#817,.F.);
#1085=ORIENTED_EDGE('',*,*,#814,.F.);
#1086=ORIENTED_EDGE('',*,*,#824,.F.);
#1087=ORIENTED_EDGE('',*,*,#729,.T.);
#1088=ORIENTED_EDGE('',*,*,#828,.T.);
#1089=ORIENTED_EDGE('',*,*,#829,.T.);
#1090=ORIENTED_EDGE('',*,*,#815,.F.);
#1091=ORIENTED_EDGE('',*,*,#818,.F.);
#1092=ORIENTED_EDGE('',*,*,#804,.F.);
#1093=ORIENTED_EDGE('',*,*,#822,.F.);
#1094=ORIENTED_EDGE('',*,*,#830,.F.);
#1095=ORIENTED_EDGE('',*,*,#831,.T.);
#1096=ORIENTED_EDGE('',*,*,#830,.T.);
#1097=ORIENTED_EDGE('',*,*,#832,.T.);
#1098=ORIENTED_EDGE('',*,*,#829,.F.);
#1099=ORIENTED_EDGE('',*,*,#832,.F.);
#1100=ORIENTED_EDGE('',*,*,#800,.F.);
#1101=ORIENTED_EDGE('',*,*,#833,.T.);
#1102=ORIENTED_EDGE('',*,*,#831,.F.);
#1103=ORIENTED_EDGE('',*,*,#833,.F.);
#1104=ORIENTED_EDGE('',*,*,#834,.F.);
#1105=ORIENTED_EDGE('',*,*,#835,.T.);
#1106=ORIENTED_EDGE('',*,*,#834,.T.);
#1107=ORIENTED_EDGE('',*,*,#836,.T.);
#1108=ORIENTED_EDGE('',*,*,#828,.F.);
#1109=ORIENTED_EDGE('',*,*,#836,.F.);
#1110=ORIENTED_EDGE('',*,*,#801,.F.);
#1111=ORIENTED_EDGE('',*,*,#837,.T.);
#1112=ORIENTED_EDGE('',*,*,#835,.F.);
#1113=ORIENTED_EDGE('',*,*,#837,.F.);
#1114=ORIENTED_EDGE('',*,*,#838,.F.);
#1115=ORIENTED_EDGE('',*,*,#839,.T.);
#1116=ORIENTED_EDGE('',*,*,#840,.F.);
#1117=ORIENTED_EDGE('',*,*,#841,.F.);
#1118=ORIENTED_EDGE('',*,*,#842,.F.);
#1119=ORIENTED_EDGE('',*,*,#841,.T.);
#1120=ORIENTED_EDGE('',*,*,#843,.F.);
#1121=ORIENTED_EDGE('',*,*,#844,.F.);
#1122=ORIENTED_EDGE('',*,*,#845,.F.);
#1123=ORIENTED_EDGE('',*,*,#846,.T.);
#1124=ORIENTED_EDGE('',*,*,#847,.F.);
#1125=ORIENTED_EDGE('',*,*,#848,.T.);
#1126=ORIENTED_EDGE('',*,*,#849,.T.);
#1127=ORIENTED_EDGE('',*,*,#850,.F.);
#1128=ORIENTED_EDGE('',*,*,#851,.F.);
#1129=ORIENTED_EDGE('',*,*,#849,.F.);
#1130=ORIENTED_EDGE('',*,*,#852,.T.);
#1131=ORIENTED_EDGE('',*,*,#853,.T.);
#1132=ORIENTED_EDGE('',*,*,#854,.T.);
#1133=ORIENTED_EDGE('',*,*,#762,.T.);
#1134=ORIENTED_EDGE('',*,*,#855,.T.);
#1135=ORIENTED_EDGE('',*,*,#856,.T.);
#1136=ORIENTED_EDGE('',*,*,#857,.F.);
#1137=ORIENTED_EDGE('',*,*,#856,.F.);
#1138=ORIENTED_EDGE('',*,*,#858,.T.);
#1139=ORIENTED_EDGE('',*,*,#772,.T.);
#1140=ORIENTED_EDGE('',*,*,#763,.T.);
#1141=ORIENTED_EDGE('',*,*,#854,.F.);
#1142=ORIENTED_EDGE('',*,*,#859,.F.);
#1143=ORIENTED_EDGE('',*,*,#860,.F.);
#1144=ORIENTED_EDGE('',*,*,#861,.F.);
#1145=ORIENTED_EDGE('',*,*,#862,.F.);
#1146=ORIENTED_EDGE('',*,*,#852,.F.);
#1147=ORIENTED_EDGE('',*,*,#848,.F.);
#1148=ORIENTED_EDGE('',*,*,#840,.T.);
#1149=ORIENTED_EDGE('',*,*,#863,.T.);
#1150=ORIENTED_EDGE('',*,*,#864,.T.);
#1151=ORIENTED_EDGE('',*,*,#843,.T.);
#1152=ORIENTED_EDGE('',*,*,#865,.F.);
#1153=ORIENTED_EDGE('',*,*,#866,.F.);
#1154=ORIENTED_EDGE('',*,*,#846,.F.);
#1155=ORIENTED_EDGE('',*,*,#853,.F.);
#1156=ORIENTED_EDGE('',*,*,#862,.T.);
#1157=ORIENTED_EDGE('',*,*,#867,.T.);
#1158=ORIENTED_EDGE('',*,*,#859,.T.);
#1159=ORIENTED_EDGE('',*,*,#868,.F.);
#1160=ORIENTED_EDGE('',*,*,#869,.F.);
#1161=ORIENTED_EDGE('',*,*,#870,.T.);
#1162=ORIENTED_EDGE('',*,*,#871,.T.);
#1163=ORIENTED_EDGE('',*,*,#764,.T.);
#1164=ORIENTED_EDGE('',*,*,#860,.T.);
#1165=ORIENTED_EDGE('',*,*,#867,.F.);
#1166=ORIENTED_EDGE('',*,*,#861,.T.);
#1167=ORIENTED_EDGE('',*,*,#847,.T.);
#1168=ORIENTED_EDGE('',*,*,#866,.T.);
#1169=ORIENTED_EDGE('',*,*,#872,.F.);
#1170=ORIENTED_EDGE('',*,*,#844,.T.);
#1171=ORIENTED_EDGE('',*,*,#864,.F.);
#1172=ORIENTED_EDGE('',*,*,#873,.F.);
#1173=ORIENTED_EDGE('',*,*,#871,.F.);
#1174=ORIENTED_EDGE('',*,*,#874,.F.);
#1175=ORIENTED_EDGE('',*,*,#756,.F.);
#1176=ORIENTED_EDGE('',*,*,#765,.F.);
#1177=ORIENTED_EDGE('',*,*,#875,.F.);
#1178=ORIENTED_EDGE('',*,*,#757,.F.);
#1179=ORIENTED_EDGE('',*,*,#874,.T.);
#1180=ORIENTED_EDGE('',*,*,#870,.F.);
#1181=ORIENTED_EDGE('',*,*,#855,.F.);
#1182=ORIENTED_EDGE('',*,*,#761,.F.);
#1183=ORIENTED_EDGE('',*,*,#773,.F.);
#1184=ORIENTED_EDGE('',*,*,#858,.F.);
#1185=ORIENTED_EDGE('',*,*,#876,.F.);
#1186=ORIENTED_EDGE('',*,*,#873,.T.);
#1187=ORIENTED_EDGE('',*,*,#863,.F.);
#1188=ORIENTED_EDGE('',*,*,#839,.F.);
#1189=ORIENTED_EDGE('',*,*,#869,.T.);
#1190=ORIENTED_EDGE('',*,*,#877,.F.);
#1191=ORIENTED_EDGE('',*,*,#878,.F.);
#1192=ORIENTED_EDGE('',*,*,#769,.T.);
#1193=ORIENTED_EDGE('',*,*,#758,.T.);
#1194=ORIENTED_EDGE('',*,*,#875,.T.);
#1195=ORIENTED_EDGE('',*,*,#850,.T.);
#1196=ORIENTED_EDGE('',*,*,#851,.T.);
#1197=ORIENTED_EDGE('',*,*,#857,.T.);
#1198=ORIENTED_EDGE('',*,*,#771,.T.);
#1199=ORIENTED_EDGE('',*,*,#767,.T.);
#1200=ORIENTED_EDGE('',*,*,#799,.F.);
#1201=ORIENTED_EDGE('',*,*,#879,.F.);
#1202=ORIENTED_EDGE('',*,*,#777,.F.);
#1203=ORIENTED_EDGE('',*,*,#880,.F.);
#1204=ORIENTED_EDGE('',*,*,#881,.F.);
#1205=ORIENTED_EDGE('',*,*,#796,.F.);
#1206=ORIENTED_EDGE('',*,*,#783,.T.);
#1207=ORIENTED_EDGE('',*,*,#882,.T.);
#1208=ORIENTED_EDGE('',*,*,#883,.T.);
#1209=ORIENTED_EDGE('',*,*,#884,.F.);
#1210=ORIENTED_EDGE('',*,*,#782,.T.);
#1211=ORIENTED_EDGE('',*,*,#885,.T.);
#1212=ORIENTED_EDGE('',*,*,#886,.T.);
#1213=ORIENTED_EDGE('',*,*,#882,.F.);
#1214=ORIENTED_EDGE('',*,*,#781,.T.);
#1215=ORIENTED_EDGE('',*,*,#887,.T.);
#1216=ORIENTED_EDGE('',*,*,#888,.T.);
#1217=ORIENTED_EDGE('',*,*,#885,.F.);
#1218=ORIENTED_EDGE('',*,*,#780,.T.);
#1219=ORIENTED_EDGE('',*,*,#889,.T.);
#1220=ORIENTED_EDGE('',*,*,#890,.T.);
#1221=ORIENTED_EDGE('',*,*,#887,.F.);
#1222=ORIENTED_EDGE('',*,*,#779,.T.);
#1223=ORIENTED_EDGE('',*,*,#891,.T.);
#1224=ORIENTED_EDGE('',*,*,#892,.T.);
#1225=ORIENTED_EDGE('',*,*,#889,.F.);
#1226=ORIENTED_EDGE('',*,*,#750,.F.);
#1227=ORIENTED_EDGE('',*,*,#893,.F.);
#1228=ORIENTED_EDGE('',*,*,#894,.F.);
#1229=ORIENTED_EDGE('',*,*,#895,.F.);
#1230=ORIENTED_EDGE('',*,*,#896,.F.);
#1231=ORIENTED_EDGE('',*,*,#897,.F.);
#1232=ORIENTED_EDGE('',*,*,#883,.F.);
#1233=ORIENTED_EDGE('',*,*,#886,.F.);
#1234=ORIENTED_EDGE('',*,*,#888,.F.);
#1235=ORIENTED_EDGE('',*,*,#890,.F.);
#1236=ORIENTED_EDGE('',*,*,#892,.F.);
#1237=ORIENTED_EDGE('',*,*,#789,.F.);
#1238=ORIENTED_EDGE('',*,*,#786,.T.);
#1239=ORIENTED_EDGE('',*,*,#898,.T.);
#1240=ORIENTED_EDGE('',*,*,#895,.T.);
#1241=ORIENTED_EDGE('',*,*,#899,.F.);
#1242=ORIENTED_EDGE('',*,*,#787,.T.);
#1243=ORIENTED_EDGE('',*,*,#899,.T.);
#1244=ORIENTED_EDGE('',*,*,#894,.T.);
#1245=ORIENTED_EDGE('',*,*,#900,.F.);
#1246=ORIENTED_EDGE('',*,*,#788,.T.);
#1247=ORIENTED_EDGE('',*,*,#900,.T.);
#1248=ORIENTED_EDGE('',*,*,#893,.T.);
#1249=ORIENTED_EDGE('',*,*,#749,.F.);
#1250=ORIENTED_EDGE('',*,*,#770,.T.);
#1251=ORIENTED_EDGE('',*,*,#878,.T.);
#1252=ORIENTED_EDGE('',*,*,#901,.F.);
#1253=ORIENTED_EDGE('',*,*,#902,.T.);
#1254=ORIENTED_EDGE('',*,*,#880,.T.);
#1255=ORIENTED_EDGE('',*,*,#776,.F.);
#1256=ORIENTED_EDGE('',*,*,#881,.T.);
#1257=ORIENTED_EDGE('',*,*,#902,.F.);
#1258=ORIENTED_EDGE('',*,*,#903,.F.);
#1259=ORIENTED_EDGE('',*,*,#797,.F.);
#1260=ORIENTED_EDGE('',*,*,#845,.T.);
#1261=ORIENTED_EDGE('',*,*,#879,.T.);
#1262=ORIENTED_EDGE('',*,*,#798,.F.);
#1263=ORIENTED_EDGE('',*,*,#903,.T.);
#1264=ORIENTED_EDGE('',*,*,#901,.T.);
#1265=ORIENTED_EDGE('',*,*,#877,.T.);
#1266=ORIENTED_EDGE('',*,*,#868,.T.);
#1267=ORIENTED_EDGE('',*,*,#865,.T.);
#1268=ORIENTED_EDGE('',*,*,#742,.T.);
#1269=ORIENTED_EDGE('',*,*,#745,.T.);
#1270=ORIENTED_EDGE('',*,*,#735,.T.);
#1271=ORIENTED_EDGE('',*,*,#739,.T.);
#1272=ORIENTED_EDGE('',*,*,#785,.T.);
#1273=ORIENTED_EDGE('',*,*,#904,.T.);
#1274=ORIENTED_EDGE('',*,*,#896,.T.);
#1275=ORIENTED_EDGE('',*,*,#898,.F.);
#1276=ORIENTED_EDGE('',*,*,#784,.T.);
#1277=ORIENTED_EDGE('',*,*,#884,.T.);
#1278=ORIENTED_EDGE('',*,*,#897,.T.);
#1279=ORIENTED_EDGE('',*,*,#904,.F.);
#1280=ORIENTED_EDGE('',*,*,#821,.F.);
#1281=ORIENTED_EDGE('',*,*,#905,.T.);
#1282=ORIENTED_EDGE('',*,*,#906,.T.);
#1283=ORIENTED_EDGE('',*,*,#794,.T.);
#1284=ORIENTED_EDGE('',*,*,#827,.F.);
#1285=ORIENTED_EDGE('',*,*,#825,.F.);
#1286=ORIENTED_EDGE('',*,*,#820,.F.);
#1287=ORIENTED_EDGE('',*,*,#907,.F.);
#1288=ORIENTED_EDGE('',*,*,#908,.F.);
#1289=ORIENTED_EDGE('',*,*,#905,.F.);
#1290=ORIENTED_EDGE('',*,*,#823,.F.);
#1291=ORIENTED_EDGE('',*,*,#802,.F.);
#1292=ORIENTED_EDGE('',*,*,#908,.T.);
#1293=ORIENTED_EDGE('',*,*,#909,.F.);
#1294=ORIENTED_EDGE('',*,*,#790,.F.);
#1295=ORIENTED_EDGE('',*,*,#891,.F.);
#1296=ORIENTED_EDGE('',*,*,#795,.F.);
#1297=ORIENTED_EDGE('',*,*,#906,.F.);
#1298=ORIENTED_EDGE('',*,*,#806,.F.);
#1299=ORIENTED_EDGE('',*,*,#791,.T.);
#1300=ORIENTED_EDGE('',*,*,#909,.T.);
#1301=ORIENTED_EDGE('',*,*,#907,.T.);
#1302=ORIENTED_EDGE('',*,*,#819,.F.);
#1303=ORIENTED_EDGE('',*,*,#816,.F.);
#1304=ORIENTED_EDGE('',*,*,#872,.T.);
#1305=ORIENTED_EDGE('',*,*,#876,.T.);
#1306=ORIENTED_EDGE('',*,*,#838,.T.);
#1307=ORIENTED_EDGE('',*,*,#842,.T.);
#1308=PLANE('',#1470);
#1309=PLANE('',#1471);
#1310=PLANE('',#1472);
#1311=PLANE('',#1473);
#1312=PLANE('',#1474);
#1313=PLANE('',#1475);
#1314=PLANE('',#1476);
#1315=PLANE('',#1477);
#1316=PLANE('',#1478);
#1317=PLANE('',#1479);
#1318=PLANE('',#1480);
#1319=PLANE('',#1481);
#1320=PLANE('',#1482);
#1321=PLANE('',#1483);
#1322=PLANE('',#1484);
#1323=PLANE('',#1485);
#1324=PLANE('',#1486);
#1325=PLANE('',#1487);
#1326=PLANE('',#1488);
#1327=PLANE('',#1489);
#1328=PLANE('',#1490);
#1329=PLANE('',#1491);
#1330=PLANE('',#1492);
#1331=PLANE('',#1495);
#1332=PLANE('',#1496);
#1333=PLANE('',#1497);
#1334=PLANE('',#1498);
#1335=PLANE('',#1499);
#1336=PLANE('',#1500);
#1337=PLANE('',#1501);
#1338=PLANE('',#1502);
#1339=PLANE('',#1503);
#1340=PLANE('',#1504);
#1341=PLANE('',#1505);
#1342=PLANE('',#1508);
#1343=PLANE('',#1509);
#1344=PLANE('',#1514);
#1345=PLANE('',#1519);
#1346=PLANE('',#1520);
#1347=PLANE('',#1521);
#1348=PLANE('',#1522);
#1349=PLANE('',#1523);
#1350=PLANE('',#1524);
#1351=PLANE('',#1525);
#1352=PLANE('',#1526);
#1353=PLANE('',#1527);
#1354=PLANE('',#1528);
#1355=PLANE('',#1529);
#1356=PLANE('',#1530);
#1357=PLANE('',#1531);
#1358=PLANE('',#1532);
#1359=PLANE('',#1533);
#1360=PLANE('',#1534);
#1361=PLANE('',#1535);
#1362=PLANE('',#1536);
#1363=PLANE('',#1537);
#1364=PLANE('',#1538);
#1365=PLANE('',#1539);
#1366=PLANE('',#1540);
#1367=PLANE('',#1541);
#1368=PLANE('',#1542);
#1369=PLANE('',#1543);
#1370=PLANE('',#1544);
#1371=PLANE('',#1545);
#1372=PLANE('',#1546);
#1373=PLANE('',#1547);
#1374=PLANE('',#1548);
#1375=PLANE('',#1549);
#1376=PLANE('',#1550);
#1377=PLANE('',#1551);
#1378=PLANE('',#1552);
#1379=PLANE('',#1553);
#1380=ADVANCED_FACE('',(#38),#1308,.T.);
#1381=ADVANCED_FACE('',(#39),#1309,.T.);
#1382=ADVANCED_FACE('',(#40),#1310,.T.);
#1383=ADVANCED_FACE('',(#41),#1311,.T.);
#1384=ADVANCED_FACE('',(#42),#1312,.F.);
#1385=ADVANCED_FACE('',(#43),#1313,.T.);
#1386=ADVANCED_FACE('',(#44,#27),#1314,.T.);
#1387=ADVANCED_FACE('',(#45),#1315,.T.);
#1388=ADVANCED_FACE('',(#46),#1316,.T.);
#1389=ADVANCED_FACE('',(#47),#1317,.F.);
#1390=ADVANCED_FACE('',(#48),#1318,.T.);
#1391=ADVANCED_FACE('',(#49),#1319,.T.);
#1392=ADVANCED_FACE('',(#50),#1320,.T.);
#1393=ADVANCED_FACE('',(#51,#28),#1321,.T.);
#1394=ADVANCED_FACE('',(#52),#1322,.T.);
#1395=ADVANCED_FACE('',(#53),#1323,.T.);
#1396=ADVANCED_FACE('',(#54),#1324,.T.);
#1397=ADVANCED_FACE('',(#55),#1325,.T.);
#1398=ADVANCED_FACE('',(#56),#1326,.T.);
#1399=ADVANCED_FACE('',(#57),#1327,.T.);
#1400=ADVANCED_FACE('',(#58),#1328,.T.);
#1401=ADVANCED_FACE('',(#59),#1329,.T.);
#1402=ADVANCED_FACE('',(#60,#29,#30),#1330,.T.);
#1403=ADVANCED_FACE('',(#61),#1331,.T.);
#1404=ADVANCED_FACE('',(#62),#1332,.T.);
#1405=ADVANCED_FACE('',(#63),#1333,.T.);
#1406=ADVANCED_FACE('',(#64),#1334,.T.);
#1407=ADVANCED_FACE('',(#65),#1335,.T.);
#1408=ADVANCED_FACE('',(#66),#1336,.T.);
#1409=ADVANCED_FACE('',(#67),#1337,.T.);
#1410=ADVANCED_FACE('',(#68),#1338,.T.);
#1411=ADVANCED_FACE('',(#69),#1339,.T.);
#1412=ADVANCED_FACE('',(#70),#1340,.T.);
#1413=ADVANCED_FACE('',(#71,#31,#32),#1341,.T.);
#1414=ADVANCED_FACE('',(#72),#1342,.T.);
#1415=ADVANCED_FACE('',(#73,#33),#1343,.F.);
#1416=ADVANCED_FACE('',(#74),#15,.F.);
#1417=ADVANCED_FACE('',(#75),#16,.F.);
#1418=ADVANCED_FACE('',(#76,#34),#1344,.F.);
#1419=ADVANCED_FACE('',(#77),#17,.F.);
#1420=ADVANCED_FACE('',(#78),#18,.F.);
#1421=ADVANCED_FACE('',(#79),#1345,.T.);
#1422=ADVANCED_FACE('',(#80),#1346,.T.);
#1423=ADVANCED_FACE('',(#81),#1347,.T.);
#1424=ADVANCED_FACE('',(#82),#1348,.T.);
#1425=ADVANCED_FACE('',(#83),#1349,.T.);
#1426=ADVANCED_FACE('',(#84),#1350,.T.);
#1427=ADVANCED_FACE('',(#85,#35),#1351,.F.);
#1428=ADVANCED_FACE('',(#86),#1352,.T.);
#1429=ADVANCED_FACE('',(#87),#1353,.T.);
#1430=ADVANCED_FACE('',(#88),#1354,.T.);
#1431=ADVANCED_FACE('',(#89),#1355,.T.);
#1432=ADVANCED_FACE('',(#90),#1356,.F.);
#1433=ADVANCED_FACE('',(#91),#1357,.T.);
#1434=ADVANCED_FACE('',(#92),#1358,.F.);
#1435=ADVANCED_FACE('',(#93),#1359,.T.);
#1436=ADVANCED_FACE('',(#94),#1360,.F.);
#1437=ADVANCED_FACE('',(#95),#1361,.F.);
#1438=ADVANCED_FACE('',(#96),#1362,.T.);
#1439=ADVANCED_FACE('',(#97),#1363,.F.);
#1440=ADVANCED_FACE('',(#98),#1364,.F.);
#1441=ADVANCED_FACE('',(#99),#1365,.F.);
#1442=ADVANCED_FACE('',(#100),#1366,.F.);
#1443=ADVANCED_FACE('',(#101),#1367,.F.);
#1444=ADVANCED_FACE('',(#102),#1368,.F.);
#1445=ADVANCED_FACE('',(#103),#1369,.F.);
#1446=ADVANCED_FACE('',(#104),#1370,.F.);
#1447=ADVANCED_FACE('',(#105),#1371,.F.);
#1448=ADVANCED_FACE('',(#106),#1372,.F.);
#1449=ADVANCED_FACE('',(#107,#36),#1373,.F.);
#1450=ADVANCED_FACE('',(#108),#1374,.F.);
#1451=ADVANCED_FACE('',(#109),#1375,.F.);
#1452=ADVANCED_FACE('',(#110),#1376,.T.);
#1453=ADVANCED_FACE('',(#111),#1377,.T.);
#1454=ADVANCED_FACE('',(#112),#1378,.T.);
#1455=ADVANCED_FACE('',(#113,#37),#1379,.T.);
#1456=CLOSED_SHELL('',(#1380,#1381,#1382,#1383,#1384,#1385,#1386,#1387,
#1388,#1389,#1390,#1391,#1392,#1393,#1394,#1395,#1396,#1397,#1398,#1399,
#1400,#1401,#1402,#1403,#1404,#1405,#1406,#1407,#1408,#1409,#1410,#1411,
#1412,#1413,#1414,#1415,#1416,#1417,#1418,#1419,#1420,#1421,#1422,#1423,
#1424,#1425,#1426,#1427,#1428,#1429,#1430,#1431,#1432,#1433,#1434,#1435,
#1436,#1437,#1438,#1439,#1440,#1441,#1442,#1443,#1444,#1445,#1446,#1447,
#1448,#1449,#1450,#1451,#1452,#1453,#1454,#1455));
#1457=DERIVED_UNIT_ELEMENT(#1459,1.);
#1458=DERIVED_UNIT_ELEMENT(#2324,-3.);
#1459=(
MASS_UNIT()
NAMED_UNIT(*)
SI_UNIT(.KILO.,.GRAM.)
);
#1460=DERIVED_UNIT((#1457,#1458));
#1461=MEASURE_REPRESENTATION_ITEM('density measure',
POSITIVE_RATIO_MEASURE(7850.),#1460);
#1462=PROPERTY_DEFINITION_REPRESENTATION(#1467,#1464);
#1463=PROPERTY_DEFINITION_REPRESENTATION(#1468,#1465);
#1464=REPRESENTATION('material name',(#1466),#2321);
#1465=REPRESENTATION('density',(#1461),#2321);
#1466=DESCRIPTIVE_REPRESENTATION_ITEM('Steel','Steel');
#1467=PROPERTY_DEFINITION('material property','material name',#2331);
#1468=PROPERTY_DEFINITION('material property','density of part',#2331);
#1469=AXIS2_PLACEMENT_3D('',#1915,#1554,#1555);
#1470=AXIS2_PLACEMENT_3D('',#1916,#1556,#1557);
#1471=AXIS2_PLACEMENT_3D('',#1925,#1562,#1563);
#1472=AXIS2_PLACEMENT_3D('',#1931,#1567,#1568);
#1473=AXIS2_PLACEMENT_3D('',#1937,#1572,#1573);
#1474=AXIS2_PLACEMENT_3D('',#1940,#1576,#1577);
#1475=AXIS2_PLACEMENT_3D('',#1946,#1581,#1582);
#1476=AXIS2_PLACEMENT_3D('',#1950,#1585,#1586);
#1477=AXIS2_PLACEMENT_3D('',#1959,#1591,#1592);
#1478=AXIS2_PLACEMENT_3D('',#1963,#1595,#1596);
#1479=AXIS2_PLACEMENT_3D('',#1965,#1598,#1599);
#1480=AXIS2_PLACEMENT_3D('',#1974,#1604,#1605);
#1481=AXIS2_PLACEMENT_3D('',#1980,#1609,#1610);
#1482=AXIS2_PLACEMENT_3D('',#1986,#1614,#1615);
#1483=AXIS2_PLACEMENT_3D('',#1989,#1618,#1619);
#1484=AXIS2_PLACEMENT_3D('',#1990,#1620,#1621);
#1485=AXIS2_PLACEMENT_3D('',#2007,#1630,#1631);
#1486=AXIS2_PLACEMENT_3D('',#2017,#1637,#1638);
#1487=AXIS2_PLACEMENT_3D('',#2029,#1645,#1646);
#1488=AXIS2_PLACEMENT_3D('',#2035,#1650,#1651);
#1489=AXIS2_PLACEMENT_3D('',#2039,#1654,#1655);
#1490=AXIS2_PLACEMENT_3D('',#2045,#1659,#1660);
#1491=AXIS2_PLACEMENT_3D('',#2054,#1665,#1666);
#1492=AXIS2_PLACEMENT_3D('',#2076,#1678,#1679);
#1493=AXIS2_PLACEMENT_3D('',#2097,#1691,#1692);
#1494=AXIS2_PLACEMENT_3D('',#2099,#1693,#1694);
#1495=AXIS2_PLACEMENT_3D('',#2100,#1695,#1696);
#1496=AXIS2_PLACEMENT_3D('',#2109,#1701,#1702);
#1497=AXIS2_PLACEMENT_3D('',#2113,#1705,#1706);
#1498=AXIS2_PLACEMENT_3D('',#2120,#1710,#1711);
#1499=AXIS2_PLACEMENT_3D('',#2127,#1715,#1716);
#1500=AXIS2_PLACEMENT_3D('',#2130,#1719,#1720);
#1501=AXIS2_PLACEMENT_3D('',#2133,#1723,#1724);
#1502=AXIS2_PLACEMENT_3D('',#2138,#1728,#1729);
#1503=AXIS2_PLACEMENT_3D('',#2143,#1733,#1734);
#1504=AXIS2_PLACEMENT_3D('',#2148,#1738,#1739);
#1505=AXIS2_PLACEMENT_3D('',#2150,#1741,#1742);
#1506=AXIS2_PLACEMENT_3D('',#2152,#1743,#1744);
#1507=AXIS2_PLACEMENT_3D('',#2154,#1745,#1746);
#1508=AXIS2_PLACEMENT_3D('',#2155,#1747,#1748);
#1509=AXIS2_PLACEMENT_3D('',#2156,#1749,#1750);
#1510=AXIS2_PLACEMENT_3D('',#2158,#1751,#1752);
#1511=AXIS2_PLACEMENT_3D('',#2160,#1753,#1754);
#1512=AXIS2_PLACEMENT_3D('',#2161,#1755,#1756);
#1513=AXIS2_PLACEMENT_3D('',#2163,#1758,#1759);
#1514=AXIS2_PLACEMENT_3D('',#2165,#1761,#1762);
#1515=AXIS2_PLACEMENT_3D('',#2167,#1763,#1764);
#1516=AXIS2_PLACEMENT_3D('',#2169,#1765,#1766);
#1517=AXIS2_PLACEMENT_3D('',#2170,#1767,#1768);
#1518=AXIS2_PLACEMENT_3D('',#2172,#1770,#1771);
#1519=AXIS2_PLACEMENT_3D('',#2174,#1773,#1774);
#1520=AXIS2_PLACEMENT_3D('',#2183,#1779,#1780);
#1521=AXIS2_PLACEMENT_3D('',#2189,#1784,#1785);
#1522=AXIS2_PLACEMENT_3D('',#2202,#1792,#1793);
#1523=AXIS2_PLACEMENT_3D('',#2213,#1800,#1801);
#1524=AXIS2_PLACEMENT_3D('',#2216,#1804,#1805);
#1525=AXIS2_PLACEMENT_3D('',#2220,#1808,#1809);
#1526=AXIS2_PLACEMENT_3D('',#2227,#1814,#1815);
#1527=AXIS2_PLACEMENT_3D('',#2231,#1818,#1819);
#1528=AXIS2_PLACEMENT_3D('',#2233,#1821,#1822);
#1529=AXIS2_PLACEMENT_3D('',#2241,#1827,#1828);
#1530=AXIS2_PLACEMENT_3D('',#2245,#1831,#1832);
#1531=AXIS2_PLACEMENT_3D('',#2247,#1834,#1835);
#1532=AXIS2_PLACEMENT_3D('',#2249,#1837,#1838);
#1533=AXIS2_PLACEMENT_3D('',#2250,#1839,#1840);
#1534=AXIS2_PLACEMENT_3D('',#2252,#1842,#1843);
#1535=AXIS2_PLACEMENT_3D('',#2256,#1846,#1847);
#1536=AXIS2_PLACEMENT_3D('',#2258,#1849,#1850);
#1537=AXIS2_PLACEMENT_3D('',#2262,#1853,#1854);
#1538=AXIS2_PLACEMENT_3D('',#2268,#1858,#1859);
#1539=AXIS2_PLACEMENT_3D('',#2272,#1862,#1863);
#1540=AXIS2_PLACEMENT_3D('',#2276,#1866,#1867);
#1541=AXIS2_PLACEMENT_3D('',#2280,#1870,#1871);
#1542=AXIS2_PLACEMENT_3D('',#2283,#1874,#1875);
#1543=AXIS2_PLACEMENT_3D('',#2293,#1881,#1882);
#1544=AXIS2_PLACEMENT_3D('',#2296,#1885,#1886);
#1545=AXIS2_PLACEMENT_3D('',#2298,#1888,#1889);
#1546=AXIS2_PLACEMENT_3D('',#2302,#1892,#1893);
#1547=AXIS2_PLACEMENT_3D('',#2304,#1895,#1896);
#1548=AXIS2_PLACEMENT_3D('',#2305,#1897,#1898);
#1549=AXIS2_PLACEMENT_3D('',#2307,#1900,#1901);
#1550=AXIS2_PLACEMENT_3D('',#2308,#1902,#1903);
#1551=AXIS2_PLACEMENT_3D('',#2312,#1906,#1907);
#1552=AXIS2_PLACEMENT_3D('',#2316,#1910,#1911);
#1553=AXIS2_PLACEMENT_3D('',#2318,#1913,#1914);
#1554=DIRECTION('axis',(0.,0.,1.));
#1555=DIRECTION('refdir',(1.,0.,0.));
#1556=DIRECTION('center_axis',(0.97466377624804,-0.223675039443186,0.));
#1557=DIRECTION('ref_axis',(0.,0.,-1.));
#1558=DIRECTION('',(0.,0.,1.));
#1559=DIRECTION('',(-0.182629904944235,-0.795809640860628,-0.57735026918963));
#1560=DIRECTION('',(0.,0.,-1.));
#1561=DIRECTION('',(0.182629904944235,0.795809640860628,-0.57735026918963));
#1562=DIRECTION('center_axis',(0.599169407845617,0.375494368402427,-0.707106781186544));
#1563=DIRECTION('ref_axis',(-0.762934781305872,0.,-0.646475459297382));
#1564=DIRECTION('',(-0.531029228389428,0.847353502734324,0.));
#1565=DIRECTION('',(0.531029228389428,-0.847353502734324,0.));
#1566=DIRECTION('',(-0.795809640860628,0.182629904944235,-0.57735026918963));
#1567=DIRECTION('center_axis',(0.599169407845617,0.375494368402427,0.707106781186544));
#1568=DIRECTION('ref_axis',(0.762934781305872,0.,-0.646475459297382));
#1569=DIRECTION('',(-0.531029228389428,0.847353502734324,0.));
#1570=DIRECTION('',(0.531029228389428,-0.847353502734324,0.));
#1571=DIRECTION('',(0.795809640860628,-0.182629904944235,-0.57735026918963));
#1572=DIRECTION('center_axis',(0.223675039443178,0.974663776248042,0.));
#1573=DIRECTION('ref_axis',(0.,0.,1.));
#1574=DIRECTION('',(0.,0.,-1.));
#1575=DIRECTION('',(0.,0.,1.));
#1576=DIRECTION('center_axis',(0.,0.,-1.));
#1577=DIRECTION('ref_axis',(-0.531029228389428,0.847353502734324,0.));
#1578=DIRECTION('',(0.847353502734324,0.531029228389428,0.));
#1579=DIRECTION('',(0.531029228389428,-0.847353502734324,0.));
#1580=DIRECTION('',(-0.847353502734324,-0.531029228389428,0.));
#1581=DIRECTION('center_axis',(0.531029228389428,-0.847353502734324,0.));
#1582=DIRECTION('ref_axis',(0.,0.,-1.));
#1583=DIRECTION('',(-0.847353502734324,-0.531029228389428,0.));
#1584=DIRECTION('',(0.,0.,-1.));
#1585=DIRECTION('center_axis',(0.847353502734324,0.531029228389428,0.));
#1586=DIRECTION('ref_axis',(-0.531029228389428,0.847353502734324,0.));
#1587=DIRECTION('',(-0.531029228389428,0.847353502734324,0.));
#1588=DIRECTION('',(0.,0.,1.));
#1589=DIRECTION('',(0.531029228389428,-0.847353502734324,0.));
#1590=DIRECTION('',(0.,0.,1.));
#1591=DIRECTION('center_axis',(-0.531029228389428,0.847353502734324,0.));
#1592=DIRECTION('ref_axis',(0.,0.,1.));
#1593=DIRECTION('',(0.,0.,1.));
#1594=DIRECTION('',(0.847353502734324,0.531029228389428,0.));
#1595=DIRECTION('center_axis',(0.,0.,-1.));
#1596=DIRECTION('ref_axis',(-0.531029228389428,0.847353502734324,0.));
#1597=DIRECTION('',(-0.531029228389428,0.847353502734324,0.));
#1598=DIRECTION('center_axis',(0.,0.,-1.));
#1599=DIRECTION('ref_axis',(-0.531029228389428,0.847353502734324,0.));
#1600=DIRECTION('',(-0.531029228389428,0.847353502734324,0.));
#1601=DIRECTION('',(-0.847353502734324,-0.531029228389428,0.));
#1602=DIRECTION('',(0.531029228389428,-0.847353502734324,0.));
#1603=DIRECTION('',(0.847353502734324,0.531029228389428,0.));
#1604=DIRECTION('center_axis',(0.531029228389428,-0.847353502734324,0.));
#1605=DIRECTION('ref_axis',(0.,0.,-1.));
#1606=DIRECTION('',(0.,0.,1.));
#1607=DIRECTION('',(0.,0.,1.));
#1608=DIRECTION('',(-0.847353502734324,-0.531029228389428,0.));
#1609=DIRECTION('center_axis',(0.,0.,-1.));
#1610=DIRECTION('ref_axis',(-0.531029228389428,0.847353502734324,0.));
#1611=DIRECTION('',(0.531029228389428,-0.847353502734324,0.));
#1612=DIRECTION('',(-0.531029228389428,0.847353502734324,0.));
#1613=DIRECTION('',(0.847353502734324,0.531029228389428,0.));
#1614=DIRECTION('center_axis',(-0.531029228389428,0.847353502734324,0.));
#1615=DIRECTION('ref_axis',(0.,0.,1.));
#1616=DIRECTION('',(0.,0.,-1.));
#1617=DIRECTION('',(0.,0.,1.));
#1618=DIRECTION('center_axis',(-0.847353502734324,-0.531029228389428,0.));
#1619=DIRECTION('ref_axis',(0.,0.,1.));
#1620=DIRECTION('center_axis',(0.122787803968973,0.696364240320019,-0.707106781186548));
#1621=DIRECTION('ref_axis',(-0.985255774317392,0.,-0.171087869746035));
#1622=DIRECTION('',(0.122787803968973,0.696364240320019,0.707106781186547));
#1623=DIRECTION('',(0.984807753012208,-0.17364817766693,0.));
#1624=DIRECTION('',(0.122787803968973,0.696364240320019,0.707106781186547));
#1625=DIRECTION('',(-0.984807753012208,0.17364817766693,0.));
#1626=DIRECTION('',(0.122787803968973,0.696364240320019,0.707106781186547));
#1627=DIRECTION('',(0.984807753012208,-0.17364817766693,0.));
#1628=DIRECTION('',(-0.122787803968973,-0.696364240320019,-0.707106781186547));
#1629=DIRECTION('',(0.984807753012208,-0.17364817766693,1.96261557335472E-17));
#1630=DIRECTION('center_axis',(-0.984807753012208,0.17364817766693,0.));
#1631=DIRECTION('ref_axis',(0.,0.,1.));
#1632=DIRECTION('',(0.,0.,-1.));
#1633=DIRECTION('',(0.17364817766693,0.984807753012208,0.));
#1634=DIRECTION('',(0.,0.,-1.));
#1635=DIRECTION('',(0.17364817766693,0.984807753012208,0.));
#1636=DIRECTION('',(0.,0.,1.));
#1637=DIRECTION('center_axis',(0.17364817766693,0.984807753012208,0.));
#1638=DIRECTION('ref_axis',(0.,0.,1.));
#1639=DIRECTION('',(0.,0.,-1.));
#1640=DIRECTION('',(0.984807753012208,-0.17364817766693,0.));
#1641=DIRECTION('',(0.,0.,1.));
#1642=DIRECTION('',(-0.984807753012208,0.17364817766693,0.));
#1643=DIRECTION('',(0.,0.,-1.));
#1644=DIRECTION('',(0.984807753012208,-0.17364817766693,0.));
#1645=DIRECTION('center_axis',(0.17364817766693,0.984807753012208,0.));
#1646=DIRECTION('ref_axis',(-0.984807753012208,0.17364817766693,0.));
#1647=DIRECTION('',(0.,0.,1.));
#1648=DIRECTION('',(-0.984807753012208,0.17364817766693,0.));
#1649=DIRECTION('',(0.,0.,-1.));
#1650=DIRECTION('center_axis',(0.17364817766693,0.984807753012208,0.));
#1651=DIRECTION('ref_axis',(-0.984807753012208,0.17364817766693,0.));
#1652=DIRECTION('',(-0.984807753012208,0.17364817766693,0.));
#1653=DIRECTION('',(0.,0.,1.));
#1654=DIRECTION('center_axis',(0.984807753012208,-0.17364817766693,0.));
#1655=DIRECTION('ref_axis',(0.,0.,-1.));
#1656=DIRECTION('',(-0.17364817766693,-0.984807753012208,0.));
#1657=DIRECTION('',(0.,0.,-1.));
#1658=DIRECTION('',(-0.17364817766693,-0.984807753012208,0.));
#1659=DIRECTION('center_axis',(0.122787803968973,0.69636424032002,0.707106781186547));
#1660=DIRECTION('ref_axis',(0.985255774317392,0.,-0.171087869746036));
#1661=DIRECTION('',(-0.122787803968973,-0.696364240320018,0.707106781186548));
#1662=DIRECTION('',(0.984807753012208,-0.17364817766693,0.));
#1663=DIRECTION('',(-0.122787803968972,-0.696364240320018,0.707106781186548));
#1664=DIRECTION('',(-0.984807753012208,0.17364817766693,0.));
#1665=DIRECTION('center_axis',(0.,0.,1.));
#1666=DIRECTION('ref_axis',(1.,0.,0.));
#1667=DIRECTION('',(-0.17364817766693,-0.984807753012208,0.));
#1668=DIRECTION('',(-0.645331423893793,0.763902711956968,0.));
#1669=DIRECTION('',(-0.729348351366122,0.684142516117454,0.));
#1670=DIRECTION('',(-0.803577035262569,0.595200763103191,0.));
#1671=DIRECTION('',(-0.867021287085638,0.498271098640453,0.));
#1672=DIRECTION('',(-0.918829651163744,0.394654370484242,0.));
#1673=DIRECTION('',(-0.958306831640095,0.285741170348136,0.));
#1674=DIRECTION('',(-0.984923023713635,0.172993171422427,0.));
#1675=DIRECTION('',(-0.99832102390185,0.0579235119408521,0.));
#1676=DIRECTION('',(-1.,0.,0.));
#1677=DIRECTION('',(-0.17364817766693,-0.984807753012208,0.));
#1678=DIRECTION('center_axis',(-0.984807753012208,0.17364817766693,0.));
#1679=DIRECTION('ref_axis',(-0.17364817766693,-0.984807753012208,0.));
#1680=DIRECTION('',(-0.17364817766693,-0.984807753012208,0.));
#1681=DIRECTION('',(0.,0.,1.));
#1682=DIRECTION('',(-0.17364817766693,-0.984807753012208,0.));
#1683=DIRECTION('',(-0.144254815434028,-0.818109712163311,0.556674992332293));
#1684=DIRECTION('',(0.144254815434028,0.818109712163311,0.556674992332293));
#1685=DIRECTION('',(0.17364817766693,0.984807753012208,0.));
#1686=DIRECTION('',(0.,0.,1.));
#1687=DIRECTION('',(0.,0.,-1.));
#1688=DIRECTION('',(0.17364817766693,0.984807753012208,0.));
#1689=DIRECTION('',(0.,0.,1.));
#1690=DIRECTION('',(-0.17364817766693,-0.984807753012208,0.));
#1691=DIRECTION('center_axis',(0.984807753012208,-0.17364817766693,0.));
#1692=DIRECTION('ref_axis',(0.17364817766693,0.984807753012208,0.));
#1693=DIRECTION('center_axis',(0.984807753012208,-0.17364817766693,0.));
#1694=DIRECTION('ref_axis',(0.17364817766693,0.984807753012208,0.));
#1695=DIRECTION('center_axis',(-0.76604444311898,-0.642787609686537,0.));
#1696=DIRECTION('ref_axis',(0.,0.,1.));
#1697=DIRECTION('',(0.,0.,-1.));
#1698=DIRECTION('',(0.510273605374738,-0.608120402411348,0.608120402411337));
#1699=DIRECTION('',(0.,0.,1.));
#1700=DIRECTION('',(-0.510273605374738,0.608120402411348,0.608120402411337));
#1701=DIRECTION('center_axis',(0.599169407845612,0.375494368402423,0.70710678118655));
#1702=DIRECTION('ref_axis',(0.762934781305877,0.,-0.646475459297376));
#1703=DIRECTION('',(0.531029228389428,-0.847353502734324,0.));
#1704=DIRECTION('',(0.717527853411152,0.13996085626767,-0.682323045405917));
#1705=DIRECTION('center_axis',(0.535830358272184,-0.638577754491917,-0.552362452219522));
#1706=DIRECTION('ref_axis',(-0.717766495010697,0.,-0.696283892273876));
#1707=DIRECTION('',(-0.71153046017861,0.0106736804522989,-0.70257417884777));
#1708=DIRECTION('',(0.766044443118977,0.64278760968654,0.));
#1709=DIRECTION('',(-0.113044444501918,-0.702574178847777,0.702574178847774));
#1710=DIRECTION('center_axis',(0.535830358272185,-0.638577754491918,0.55236245221952));
#1711=DIRECTION('ref_axis',(0.717766495010696,0.,-0.696283892273878));
#1712=DIRECTION('',(0.113044444501918,0.702574178847777,0.702574178847774));
#1713=DIRECTION('',(-0.766044443118977,-0.64278760968654,0.));
#1714=DIRECTION('',(0.71153046017861,-0.0106736804522989,-0.70257417884777));
#1715=DIRECTION('center_axis',(0.64278760968654,-0.766044443118977,0.));
#1716=DIRECTION('ref_axis',(0.,0.,-1.));
#1717=DIRECTION('',(0.,0.,1.));
#1718=DIRECTION('',(0.,0.,-1.));
#1719=DIRECTION('center_axis',(0.696364240320014,-0.122787803968972,0.707106781186552));
#1720=DIRECTION('ref_axis',(0.712498293208674,0.,-0.701673843159859));
#1721=DIRECTION('',(-0.173648177666931,-0.984807753012208,0.));
#1722=DIRECTION('',(0.173648177666931,0.984807753012208,0.));
#1723=DIRECTION('center_axis',(0.,-0.707106781186546,0.707106781186549));
#1724=DIRECTION('ref_axis',(1.,0.,0.));
#1725=DIRECTION('',(1.,0.,0.));
#1726=DIRECTION('',(-1.,0.,0.));
#1727=DIRECTION('',(-0.123724030206484,-0.701673843159865,-0.701673843159862));
#1728=DIRECTION('center_axis',(0.,-0.707106781186546,-0.707106781186549));
#1729=DIRECTION('ref_axis',(-1.,0.,0.));
#1730=DIRECTION('',(1.,0.,0.));
#1731=DIRECTION('',(-1.,0.,0.));
#1732=DIRECTION('',(0.123724030206484,0.701673843159865,-0.701673843159862));
#1733=DIRECTION('center_axis',(0.696364240320014,-0.122787803968972,-0.707106781186552));
#1734=DIRECTION('ref_axis',(-0.712498293208674,0.,-0.701673843159859));
#1735=DIRECTION('',(-0.173648177666931,-0.984807753012208,0.));
#1736=DIRECTION('',(0.173648177666931,0.984807753012208,0.));
#1737=DIRECTION('',(0.717527853411152,0.139960856267669,0.682323045405918));
#1738=DIRECTION('center_axis',(0.599169407845612,0.375494368402423,-0.70710678118655));
#1739=DIRECTION('ref_axis',(-0.762934781305877,0.,-0.646475459297376));
#1740=DIRECTION('',(-0.531029228389428,0.847353502734324,0.));
#1741=DIRECTION('center_axis',(0.984807753012208,-0.173648177666931,0.));
#1742=DIRECTION('ref_axis',(0.173648177666931,0.984807753012208,0.));
#1743=DIRECTION('center_axis',(-0.984807753012208,0.173648177666931,0.));
#1744=DIRECTION('ref_axis',(0.173648177666931,0.984807753012208,0.));
#1745=DIRECTION('center_axis',(-0.984807753012208,0.173648177666931,0.));
#1746=DIRECTION('ref_axis',(0.173648177666931,0.984807753012208,0.));
#1747=DIRECTION('center_axis',(0.,-1.,0.));
#1748=DIRECTION('ref_axis',(1.,0.,0.));
#1749=DIRECTION('center_axis',(-0.984807753012208,0.173648177666931,0.));
#1750=DIRECTION('ref_axis',(-0.173648177666931,-0.984807753012208,0.));
#1751=DIRECTION('center_axis',(-0.984807753012208,0.173648177666931,0.));
#1752=DIRECTION('ref_axis',(0.173648177666931,0.984807753012208,0.));
#1753=DIRECTION('center_axis',(-0.984807753012208,0.173648177666931,0.));
#1754=DIRECTION('ref_axis',(0.17364817766693,0.984807753012208,0.));
#1755=DIRECTION('center_axis',(0.984807753012208,-0.173648177666931,0.));
#1756=DIRECTION('ref_axis',(0.173648177666931,0.984807753012208,0.));
#1757=DIRECTION('',(0.984807753012208,-0.173648177666931,0.));
#1758=DIRECTION('center_axis',(0.984807753012208,-0.17364817766693,0.));
#1759=DIRECTION('ref_axis',(0.17364817766693,0.984807753012208,0.));
#1760=DIRECTION('',(0.984807753012208,-0.17364817766693,0.));
#1761=DIRECTION('center_axis',(-0.984807753012208,0.173648177666931,0.));
#1762=DIRECTION('ref_axis',(-0.173648177666931,-0.984807753012208,0.));
#1763=DIRECTION('center_axis',(-0.984807753012208,0.173648177666931,0.));
#1764=DIRECTION('ref_axis',(0.173648177666931,0.984807753012208,0.));
#1765=DIRECTION('center_axis',(-0.984807753012208,0.173648177666931,0.));
#1766=DIRECTION('ref_axis',(0.17364817766693,0.984807753012208,0.));
#1767=DIRECTION('center_axis',(0.984807753012208,-0.173648177666931,0.));
#1768=DIRECTION('ref_axis',(0.173648177666931,0.984807753012208,0.));
#1769=DIRECTION('',(0.984807753012208,-0.173648177666931,0.));
#1770=DIRECTION('center_axis',(0.984807753012208,-0.17364817766693,0.));
#1771=DIRECTION('ref_axis',(0.17364817766693,0.984807753012208,0.));
#1772=DIRECTION('',(0.984807753012208,-0.17364817766693,0.));
#1773=DIRECTION('center_axis',(0.17364817766693,0.984807753012208,0.));
#1774=DIRECTION('ref_axis',(0.,0.,1.));
#1775=DIRECTION('',(-0.984807753012208,0.17364817766693,0.));
#1776=DIRECTION('',(0.,0.,-1.));
#1777=DIRECTION('',(0.984807753012208,-0.17364817766693,0.));
#1778=DIRECTION('',(0.,0.,-1.));
#1779=DIRECTION('center_axis',(0.984807753012208,-0.17364817766693,0.));
#1780=DIRECTION('ref_axis',(0.,0.,-1.));
#1781=DIRECTION('',(0.17364817766693,0.984807753012208,0.));
#1782=DIRECTION('',(-0.17364817766693,-0.984807753012208,0.));
#1783=DIRECTION('',(0.,0.,-1.));
#1784=DIRECTION('center_axis',(-0.17364817766693,-0.984807753012208,0.));
#1785=DIRECTION('ref_axis',(0.,0.,-1.));
#1786=DIRECTION('',(0.,0.,1.));
#1787=DIRECTION('',(0.984807753012208,-0.17364817766693,0.));
#1788=DIRECTION('',(0.,0.,-1.));
#1789=DIRECTION('',(-0.984807753012208,0.17364817766693,0.));
#1790=DIRECTION('',(0.,0.,-1.));
#1791=DIRECTION('',(-0.984807753012208,0.17364817766693,0.));
#1792=DIRECTION('center_axis',(0.984807753012208,-0.17364817766693,0.));
#1793=DIRECTION('ref_axis',(0.,0.,-1.));
#1794=DIRECTION('',(-0.17364817766693,-0.984807753012208,0.));
#1795=DIRECTION('',(-0.17364817766693,-0.984807753012208,0.));
#1796=DIRECTION('',(0.,0.,-1.));
#1797=DIRECTION('',(0.17364817766693,0.984807753012208,0.));
#1798=DIRECTION('',(0.17364817766693,0.984807753012208,0.));
#1799=DIRECTION('',(0.,0.,-1.));
#1800=DIRECTION('center_axis',(-0.17364817766693,-0.984807753012208,0.));
#1801=DIRECTION('ref_axis',(0.,0.,-1.));
#1802=DIRECTION('',(-0.984807753012208,0.17364817766693,0.));
#1803=DIRECTION('',(-0.984807753012208,0.17364817766693,0.));
#1804=DIRECTION('center_axis',(0.,0.,1.));
#1805=DIRECTION('ref_axis',(0.984807753012208,-0.17364817766693,0.));
#1806=DIRECTION('',(-0.984807753012208,0.17364817766693,0.));
#1807=DIRECTION('',(-0.17364817766693,-0.984807753012208,0.));
#1808=DIRECTION('center_axis',(0.,0.,1.));
#1809=DIRECTION('ref_axis',(0.984807753012208,-0.17364817766693,0.));
#1810=DIRECTION('',(0.17364817766693,0.984807753012208,0.));
#1811=DIRECTION('',(0.984807753012208,-0.17364817766693,0.));
#1812=DIRECTION('',(0.17364817766693,0.984807753012208,0.));
#1813=DIRECTION('',(-0.984807753012208,0.17364817766693,0.));
#1814=DIRECTION('center_axis',(0.,0.,1.));
#1815=DIRECTION('ref_axis',(0.984807753012208,-0.17364817766693,0.));
#1816=DIRECTION('',(-0.531029228389428,0.847353502734324,0.));
#1817=DIRECTION('',(-0.17364817766693,-0.984807753012208,0.));
#1818=DIRECTION('center_axis',(0.17364817766693,0.984807753012208,0.));
#1819=DIRECTION('ref_axis',(0.,0.,1.));
#1820=DIRECTION('',(0.,0.,-1.));
#1821=DIRECTION('center_axis',(-0.984807753012208,0.17364817766693,0.));
#1822=DIRECTION('ref_axis',(0.,0.,1.));
#1823=DIRECTION('',(0.,0.,-1.));
#1824=DIRECTION('',(0.17364817766693,0.984807753012208,0.));
#1825=DIRECTION('',(0.,0.,1.));
#1826=DIRECTION('',(-0.17364817766693,-0.984807753012208,0.));
#1827=DIRECTION('center_axis',(-0.17364817766693,-0.984807753012208,0.));
#1828=DIRECTION('ref_axis',(0.,0.,-1.));
#1829=DIRECTION('',(0.984807753012208,-0.17364817766693,0.));
#1830=DIRECTION('',(0.,0.,-1.));
#1831=DIRECTION('center_axis',(0.,0.,1.));
#1832=DIRECTION('ref_axis',(0.984807753012208,-0.17364817766693,0.));
#1833=DIRECTION('',(-0.984807753012208,0.17364817766693,0.));
#1834=DIRECTION('center_axis',(-0.17364817766693,-0.984807753012208,0.));
#1835=DIRECTION('ref_axis',(0.,0.,-1.));
#1836=DIRECTION('',(-0.984807753012208,0.17364817766693,0.));
#1837=DIRECTION('center_axis',(0.,0.,1.));
#1838=DIRECTION('ref_axis',(0.984807753012208,-0.17364817766693,0.));
#1839=DIRECTION('center_axis',(-0.984807753012208,0.17364817766693,0.));
#1840=DIRECTION('ref_axis',(0.,0.,1.));
#1841=DIRECTION('',(-0.17364817766693,-0.984807753012208,0.));
#1842=DIRECTION('center_axis',(0.,0.,1.));
#1843=DIRECTION('ref_axis',(1.,0.,0.));
#1844=DIRECTION('',(-0.531029228389428,0.847353502734324,0.));
#1845=DIRECTION('',(0.17364817766693,0.984807753012208,0.));
#1846=DIRECTION('center_axis',(0.,0.,1.));
#1847=DIRECTION('ref_axis',(1.,0.,0.));
#1848=DIRECTION('',(-0.531029228389428,0.847353502734324,0.));
#1849=DIRECTION('center_axis',(0.17364817766693,0.984807753012208,0.));
#1850=DIRECTION('ref_axis',(0.984807753012208,-0.17364817766693,0.));
#1851=DIRECTION('',(0.,0.,1.));
#1852=DIRECTION('',(0.984807753012208,-0.17364817766693,0.));
#1853=DIRECTION('center_axis',(-0.394654370484242,-0.918829651163743,0.));
#1854=DIRECTION('ref_axis',(0.918829651163744,-0.394654370484242,0.));
#1855=DIRECTION('',(0.,0.,1.));
#1856=DIRECTION('',(0.918829651163744,-0.394654370484242,0.));
#1857=DIRECTION('',(0.,0.,1.));
#1858=DIRECTION('center_axis',(-0.498271098640453,-0.867021287085638,0.));
#1859=DIRECTION('ref_axis',(0.867021287085638,-0.498271098640453,0.));
#1860=DIRECTION('',(0.,0.,1.));
#1861=DIRECTION('',(0.867021287085638,-0.498271098640453,0.));
#1862=DIRECTION('center_axis',(-0.595200763103191,-0.803577035262569,0.));
#1863=DIRECTION('ref_axis',(0.803577035262569,-0.595200763103191,0.));
#1864=DIRECTION('',(0.,0.,1.));
#1865=DIRECTION('',(0.803577035262569,-0.595200763103191,0.));
#1866=DIRECTION('center_axis',(-0.684142516117454,-0.729348351366122,0.));
#1867=DIRECTION('ref_axis',(0.729348351366122,-0.684142516117454,0.));
#1868=DIRECTION('',(0.,0.,1.));
#1869=DIRECTION('',(0.729348351366122,-0.684142516117454,0.));
#1870=DIRECTION('center_axis',(-0.763902711956968,-0.645331423893793,0.));
#1871=DIRECTION('ref_axis',(0.645331423893793,-0.763902711956968,0.));
#1872=DIRECTION('',(0.,0.,1.));
#1873=DIRECTION('',(0.645331423893793,-0.763902711956968,0.));
#1874=DIRECTION('center_axis',(0.,0.,1.));
#1875=DIRECTION('ref_axis',(1.,0.,0.));
#1876=DIRECTION('',(0.17364817766693,0.984807753012208,0.));
#1877=DIRECTION('',(1.,0.,0.));
#1878=DIRECTION('',(0.99832102390185,-0.0579235119408521,0.));
#1879=DIRECTION('',(0.984923023713635,-0.172993171422427,0.));
#1880=DIRECTION('',(0.958306831640095,-0.285741170348136,0.));
#1881=DIRECTION('center_axis',(-0.0579235119408521,-0.99832102390185,0.));
#1882=DIRECTION('ref_axis',(0.99832102390185,-0.0579235119408521,0.));
#1883=DIRECTION('',(0.,0.,1.));
#1884=DIRECTION('',(0.,0.,1.));
#1885=DIRECTION('center_axis',(0.,-1.,0.));
#1886=DIRECTION('ref_axis',(1.,0.,0.));
#1887=DIRECTION('',(0.,0.,1.));
#1888=DIRECTION('center_axis',(0.984807753012208,-0.17364817766693,0.));
#1889=DIRECTION('ref_axis',(0.17364817766693,0.984807753012208,0.));
#1890=DIRECTION('',(0.,0.,1.));
#1891=DIRECTION('',(-0.17364817766693,-0.984807753012208,0.));
#1892=DIRECTION('center_axis',(0.,0.,-1.));
#1893=DIRECTION('ref_axis',(-1.,0.,0.));
#1894=DIRECTION('',(0.531029228389428,-0.847353502734324,0.));
#1895=DIRECTION('center_axis',(0.847353502734324,0.531029228389428,0.));
#1896=DIRECTION('ref_axis',(-0.531029228389428,0.847353502734324,0.));
#1897=DIRECTION('center_axis',(-0.172993171422427,-0.984923023713636,0.));
#1898=DIRECTION('ref_axis',(0.984923023713635,-0.172993171422427,0.));
#1899=DIRECTION('',(0.,0.,1.));
#1900=DIRECTION('center_axis',(-0.285741170348136,-0.958306831640095,0.));
#1901=DIRECTION('ref_axis',(0.958306831640095,-0.285741170348136,0.));
#1902=DIRECTION('center_axis',(0.,0.,-1.));
#1903=DIRECTION('ref_axis',(-1.,0.,0.));
#1904=DIRECTION('',(0.17364817766693,0.984807753012208,0.));
#1905=DIRECTION('',(0.984807753012208,-0.17364817766693,0.));
#1906=DIRECTION('center_axis',(-0.984807753012208,0.17364817766693,0.));
#1907=DIRECTION('ref_axis',(-0.17364817766693,-0.984807753012208,0.));
#1908=DIRECTION('',(-0.17364817766693,-0.984807753012208,0.));
#1909=DIRECTION('',(0.,0.,1.));
#1910=DIRECTION('center_axis',(0.17364817766693,0.984807753012208,0.));
#1911=DIRECTION('ref_axis',(-0.984807753012208,0.17364817766693,0.));
#1912=DIRECTION('',(-0.984807753012208,0.17364817766693,0.));
#1913=DIRECTION('center_axis',(0.,0.,1.));
#1914=DIRECTION('ref_axis',(1.,0.,0.));
#1915=CARTESIAN_POINT('',(0.,0.,0.));
#1916=CARTESIAN_POINT('Origin',(39.3544922415262,42.7835730124094,0.));
#1917=CARTESIAN_POINT('',(39.4335733101124,43.1281686951903,-12.5));
#1918=CARTESIAN_POINT('',(39.4335733101124,43.1281686951903,12.5));
#1919=CARTESIAN_POINT('',(39.4335733101124,43.1281686951903,0.));
#1920=CARTESIAN_POINT('',(39.27541117294,42.4389773296284,12.));
#1921=CARTESIAN_POINT('',(39.4335733101124,43.1281686951903,12.5));
#1922=CARTESIAN_POINT('',(39.27541117294,42.4389773296284,-12.));
#1923=CARTESIAN_POINT('',(39.27541117294,42.4389773296284,0.));
#1924=CARTESIAN_POINT('',(39.27541117294,42.4389773296284,-12.));
#1925=CARTESIAN_POINT('Origin',(49.2214237890236,27.0390931212189,12.25));
#1926=CARTESIAN_POINT('',(43.6298508457333,35.490678607207,12.));
#1927=CARTESIAN_POINT('',(49.0095854133401,26.9063358141215,12.));
#1928=CARTESIAN_POINT('',(44.3190422112952,35.3325164700345,12.5));
#1929=CARTESIAN_POINT('',(49.4332621647072,27.1718504283162,12.5));
#1930=CARTESIAN_POINT('',(44.3190422112952,35.3325164700345,12.5));
#1931=CARTESIAN_POINT('Origin',(49.2214237890236,27.0390931212189,-12.25));
#1932=CARTESIAN_POINT('',(44.3190422112952,35.3325164700345,-12.5));
#1933=CARTESIAN_POINT('',(49.4332621647072,27.1718504283162,-12.5));
#1934=CARTESIAN_POINT('',(43.6298508457333,35.4906786072069,-12.));
#1935=CARTESIAN_POINT('',(49.0095854133401,26.9063358141215,-12.));
#1936=CARTESIAN_POINT('',(43.6298508457333,35.490678607207,-12.));
#1937=CARTESIAN_POINT('Origin',(43.9744465285142,35.4115975386207,0.));
#1938=CARTESIAN_POINT('',(44.3190422112952,35.3325164700345,0.));
#1939=CARTESIAN_POINT('',(43.6298508457333,35.4906786072069,0.));
#1940=CARTESIAN_POINT('Origin',(42.3423521872077,39.5224086582266,-12.));
#1941=CARTESIAN_POINT('',(39.0212051221197,42.2796685611116,-12.));
#1942=CARTESIAN_POINT('',(40.165132350811,42.9965580194373,-12.));
#1943=CARTESIAN_POINT('',(43.375644794913,35.3313698386901,-12.));
#1944=CARTESIAN_POINT('',(41.3311822656137,38.5936808242173,-12.));
#1945=CARTESIAN_POINT('',(44.5195720236043,36.0482592970158,-12.));
#1946=CARTESIAN_POINT('Origin',(40.165132350811,42.9965580194373,0.));
#1947=CARTESIAN_POINT('',(39.0212051221197,42.2796685611116,12.));
#1948=CARTESIAN_POINT('',(40.165132350811,42.9965580194373,12.));
#1949=CARTESIAN_POINT('',(39.0212051221197,42.2796685611116,0.));
#1950=CARTESIAN_POINT('Origin',(56.9902165687106,15.1133582740201,0.));
#1951=CARTESIAN_POINT('',(56.9902165687106,15.1133582740201,117.5));
#1952=CARTESIAN_POINT('',(31.2352989918233,56.2100031566348,117.5));
#1953=CARTESIAN_POINT('',(50.3359404445779,25.7314634187151,117.5));
#1954=CARTESIAN_POINT('',(56.9902165687106,15.1133582740201,-117.5));
#1955=CARTESIAN_POINT('',(56.9902165687106,15.1133582740201,0.));
#1956=CARTESIAN_POINT('',(31.2352989918233,56.2100031566348,-117.5));
#1957=CARTESIAN_POINT('',(50.3359404445779,25.7314634187151,-117.5));
#1958=CARTESIAN_POINT('',(31.2352989918233,56.2100031566348,0.));
#1959=CARTESIAN_POINT('Origin',(44.5195720236043,36.0482592970158,0.));
#1960=CARTESIAN_POINT('',(43.375644794913,35.3313698386901,12.));
#1961=CARTESIAN_POINT('',(43.375644794913,35.3313698386901,0.));
#1962=CARTESIAN_POINT('',(44.5195720236043,36.0482592970158,12.));
#1963=CARTESIAN_POINT('Origin',(42.3423521872077,39.5224086582266,12.));
#1964=CARTESIAN_POINT('',(41.3311822656137,38.5936808242173,12.));
#1965=CARTESIAN_POINT('Origin',(40.3200123440197,37.664952990208,-19.5));
#1966=CARTESIAN_POINT('',(43.2627169112382,32.3102363935923,-19.5));
#1967=CARTESIAN_POINT('',(36.7841603248872,42.647949126951,-19.5));
#1968=CARTESIAN_POINT('',(47.19233320132,26.0398204733583,-19.5));
#1969=CARTESIAN_POINT('',(44.7032178658866,33.2129860818543,-19.5));
#1970=CARTESIAN_POINT('',(43.5592906371952,32.4960966235286,-19.5));
#1971=CARTESIAN_POINT('',(38.2246612795356,43.5506988152131,-19.5));
#1972=CARTESIAN_POINT('',(41.4639395727111,38.3818424485337,-19.5));
#1973=CARTESIAN_POINT('',(37.0807340508442,42.8338093568873,-19.5));
#1974=CARTESIAN_POINT('Origin',(37.0807340508442,42.8338093568873,0.));
#1975=CARTESIAN_POINT('',(36.7841603248872,42.647949126951,19.5));
#1976=CARTESIAN_POINT('',(36.7841603248872,42.647949126951,0.));
#1977=CARTESIAN_POINT('',(38.2246612795356,43.5506988152131,19.5));
#1978=CARTESIAN_POINT('',(38.2246612795356,43.5506988152131,0.));
#1979=CARTESIAN_POINT('',(37.0807340508442,42.8338093568873,19.5));
#1980=CARTESIAN_POINT('Origin',(40.3200123440197,37.664952990208,19.5));
#1981=CARTESIAN_POINT('',(43.2627169112382,32.3102363935923,19.5));
#1982=CARTESIAN_POINT('',(47.19233320132,26.0398204733583,19.5));
#1983=CARTESIAN_POINT('',(44.7032178658866,33.2129860818543,19.5));
#1984=CARTESIAN_POINT('',(41.4639395727111,38.3818424485337,19.5));
#1985=CARTESIAN_POINT('',(43.5592906371952,32.4960966235286,19.5));
#1986=CARTESIAN_POINT('Origin',(43.5592906371952,32.4960966235286,0.));
#1987=CARTESIAN_POINT('',(43.2627169112382,32.3102363935923,0.));
#1988=CARTESIAN_POINT('',(44.7032178658866,33.2129860818543,0.));
#1989=CARTESIAN_POINT('Origin',(41.4639395727111,38.3818424485337,0.));
#1990=CARTESIAN_POINT('Origin',(46.3103344589502,12.9348031932135,100.5));
#1991=CARTESIAN_POINT('',(50.5604255176366,13.2008240809851,101.5));
#1992=CARTESIAN_POINT('',(50.9077218729704,15.1704395870095,103.5));
#1993=CARTESIAN_POINT('',(50.7785710408307,14.4379888207066,102.75625));
#1994=CARTESIAN_POINT('',(54.3545490085132,14.5626709651752,103.5));
#1995=CARTESIAN_POINT('',(46.831278991951,15.8892264522501,103.5));
#1996=CARTESIAN_POINT('',(53.3126599425116,8.65382444710196,97.5));
#1997=CARTESIAN_POINT('',(49.0912274298273,-15.2871090148278,73.1897390493706));
#1998=CARTESIAN_POINT('',(23.7684273521453,13.8632697771099,97.5));
#1999=CARTESIAN_POINT('',(45.7893899259494,9.9803799341769,97.5));
#2000=CARTESIAN_POINT('',(24.8103164181469,19.7721162951831,103.5));
#2001=CARTESIAN_POINT('',(21.6629431979338,1.92247577183686,85.375));
#2002=CARTESIAN_POINT('',(30.2267590597141,18.817051318015,103.5));
#2003=CARTESIAN_POINT('',(46.831278991951,15.8892264522501,103.5));
#2004=CARTESIAN_POINT('',(29.8794627043802,16.8474358119906,101.5));
#2005=CARTESIAN_POINT('',(30.0976082275743,18.0846005517122,102.75625));
#2006=CARTESIAN_POINT('',(43.3519633738128,14.4718704463568,101.5));
#2007=CARTESIAN_POINT('Origin',(50.820897784137,14.6780357105034,107.025));
#2008=CARTESIAN_POINT('',(50.5604255176366,13.2008240809851,115.55));
#2009=CARTESIAN_POINT('',(50.5604255176366,13.2008240809851,107.025));
#2010=CARTESIAN_POINT('',(51.0813700506374,16.1552473400217,115.55));
#2011=CARTESIAN_POINT('',(50.820897784137,14.6780357105034,115.55));
#2012=CARTESIAN_POINT('',(51.0813700506374,16.1552473400217,115.5));
#2013=CARTESIAN_POINT('',(51.0813700506374,16.1552473400217,107.025));
#2014=CARTESIAN_POINT('',(50.9077218729704,15.1704395870095,115.5));
#2015=CARTESIAN_POINT('',(51.751126171213,19.9536230502201,115.5));
#2016=CARTESIAN_POINT('',(50.9077218729704,15.1704395870095,102.2625));
#2017=CARTESIAN_POINT('Origin',(40.2199441110084,15.0241299464878,107.025));
#2018=CARTESIAN_POINT('',(29.8794627043802,16.8474358119906,115.55));
#2019=CARTESIAN_POINT('',(29.8794627043802,16.8474358119906,107.025));
#2020=CARTESIAN_POINT('',(30.3718665808863,16.7606117231571,115.55));
#2021=CARTESIAN_POINT('',(40.2199441110084,15.0241299464878,115.55));
#2022=CARTESIAN_POINT('',(30.3718665808863,16.7606117231571,115.4));
#2023=CARTESIAN_POINT('',(30.3718665808863,16.7606117231571,111.6125));
#2024=CARTESIAN_POINT('',(50.0680216411305,13.2876481698185,115.4));
#2025=CARTESIAN_POINT('',(40.2199441110084,15.0241299464878,115.4));
#2026=CARTESIAN_POINT('',(50.0680216411305,13.2876481698185,115.55));
#2027=CARTESIAN_POINT('',(50.0680216411305,13.2876481698185,111.6125));
#2028=CARTESIAN_POINT('',(40.2199441110084,15.0241299464878,115.55));
#2029=CARTESIAN_POINT('Origin',(54.3545490085132,14.5626709651752,97.5));
#2030=CARTESIAN_POINT('',(24.8103164181469,19.7721162951831,115.5));
#2031=CARTESIAN_POINT('',(24.8103164181469,19.7721162951831,97.5));
#2032=CARTESIAN_POINT('',(30.2267590597141,18.817051318015,115.5));
#2033=CARTESIAN_POINT('',(45.4321635460273,16.1359282544924,115.5));
#2034=CARTESIAN_POINT('',(30.2267590597141,18.817051318015,102.2625));
#2035=CARTESIAN_POINT('Origin',(54.3545490085132,14.5626709651752,97.5));
#2036=CARTESIAN_POINT('',(54.3545490085132,14.5626709651752,115.5));
#2037=CARTESIAN_POINT('',(45.4321635460273,16.1359282544924,115.5));
#2038=CARTESIAN_POINT('',(54.3545490085132,14.5626709651752,48.75));
#2039=CARTESIAN_POINT('Origin',(30.1399349708806,18.3246474415089,107.025));
#2040=CARTESIAN_POINT('',(30.400407237381,19.8018590710272,115.5));
#2041=CARTESIAN_POINT('',(31.0701633579566,23.6002347812256,115.5));
#2042=CARTESIAN_POINT('',(30.400407237381,19.8018590710272,115.55));
#2043=CARTESIAN_POINT('',(30.400407237381,19.8018590710272,107.025));
#2044=CARTESIAN_POINT('',(30.1399349708806,18.3246474415089,115.55));
#2045=CARTESIAN_POINT('Origin',(31.538218163767,15.5395258582175,-100.5));
#2046=CARTESIAN_POINT('',(24.8103164181469,19.7721162951831,-103.5));
#2047=CARTESIAN_POINT('',(23.7684273521453,13.8632697771099,-97.5));
#2048=CARTESIAN_POINT('',(21.6629431979338,1.92247577183683,-85.375));
#2049=CARTESIAN_POINT('',(53.3126599425116,8.65382444710196,-97.5));
#2050=CARTESIAN_POINT('',(31.0172736307663,12.5851025991809,-97.5));
#2051=CARTESIAN_POINT('',(54.3545490085132,14.5626709651752,-103.5));
#2052=CARTESIAN_POINT('',(49.0912274298273,-15.2871090148278,-73.1897390493706));
#2053=CARTESIAN_POINT('',(32.0591626967678,18.4939491172541,-103.5));
#2054=CARTESIAN_POINT('Origin',(38.2800713808281,11.3860581475916,-97.5));
#2055=CARTESIAN_POINT('',(22.205593753143,5.,-97.5));
#2056=CARTESIAN_POINT('',(24.8103164181469,19.7721162951831,-97.5));
#2057=CARTESIAN_POINT('',(22.5793923775202,4.55752072142311,-97.5));
#2058=CARTESIAN_POINT('',(23.9786542300617,2.90116263266786,-97.5));
#2059=CARTESIAN_POINT('',(23.0018565569141,4.16124134940736,-97.5));
#2060=CARTESIAN_POINT('',(25.0517270513855,2.23842414528844,-97.5));
#2061=CARTESIAN_POINT('',(23.4673165968884,3.81648016431924,-97.5));
#2062=CARTESIAN_POINT('',(26.2069260132683,1.78728129018613,-97.5));
#2063=CARTESIAN_POINT('',(23.9695257756432,3.52786404500042,-97.5));
#2064=CARTESIAN_POINT('',(27.3998094640251,1.55650388635454,-97.5));
#2065=CARTESIAN_POINT('',(24.5017441783511,3.29926637358789,-97.5));
#2066=CARTESIAN_POINT('',(28.585580299252,1.54518304441623,-97.5));
#2067=CARTESIAN_POINT('',(25.0568291504062,3.13375505266135,-97.5));
#2068=CARTESIAN_POINT('',(29.7212273775664,1.74295769591341,-97.5));
#2069=CARTESIAN_POINT('',(25.6273311556551,3.03355133235562,-97.5));
#2070=CARTESIAN_POINT('',(30.767552522181,2.13071611112603,-97.5));
#2071=CARTESIAN_POINT('',(26.205593753143,3.,-97.5));
#2072=CARTESIAN_POINT('',(31.6909783392907,2.68173289756629,-97.5));
#2073=CARTESIAN_POINT('',(52.3157381482984,3.,-97.5));
#2074=CARTESIAN_POINT('',(32.2428325669855,3.,-97.5));
#2075=CARTESIAN_POINT('',(52.8211747811254,5.86647358672085,-97.5));
#2076=CARTESIAN_POINT('Origin',(31.2352989918233,56.2100031566348,0.));
#2077=CARTESIAN_POINT('',(22.205593753143,5.,97.5));
#2078=CARTESIAN_POINT('',(24.8103164181469,19.7721162951831,97.5));
#2079=CARTESIAN_POINT('',(22.205593753143,5.,118.5));
#2080=CARTESIAN_POINT('',(22.205593753143,5.,0.));
#2081=CARTESIAN_POINT('',(30.9761624805358,54.7403669713704,118.5));
#2082=CARTESIAN_POINT('',(22.205593753143,5.,118.5));
#2083=CARTESIAN_POINT('',(34.3132067730962,73.6656855990277,105.62244648205));
#2084=CARTESIAN_POINT('',(30.9761624805358,54.7403669713704,-118.5));
#2085=CARTESIAN_POINT('',(34.3132067730962,73.6656855990277,-105.62244648205));
#2086=CARTESIAN_POINT('',(22.205593753143,5.,-118.5));
#2087=CARTESIAN_POINT('',(22.205593753143,5.,-118.5));
#2088=CARTESIAN_POINT('',(22.205593753143,5.,0.));
#2089=CARTESIAN_POINT('',(24.8103164181469,19.7721162951831,-115.5));
#2090=CARTESIAN_POINT('',(24.8103164181469,19.7721162951831,-97.5));
#2091=CARTESIAN_POINT('',(30.5874577136044,52.5359126934739,-115.5));
#2092=CARTESIAN_POINT('',(28.9096240476444,43.0204451273726,-115.5));
#2093=CARTESIAN_POINT('',(30.5874577136044,52.5359126934739,115.5));
#2094=CARTESIAN_POINT('',(30.5874577136044,52.5359126934739,0.));
#2095=CARTESIAN_POINT('',(28.9096240476444,43.0204451273726,115.5));
#2096=CARTESIAN_POINT('',(23.4037661790448,11.7951734957842,106.));
#2097=CARTESIAN_POINT('Origin',(23.7684273521453,13.8632697771099,106.));
#2098=CARTESIAN_POINT('',(23.4037661790448,11.7951734957842,-106.));
#2099=CARTESIAN_POINT('Origin',(23.7684273521453,13.8632697771099,-106.));
#2100=CARTESIAN_POINT('Origin',(4.64853053637644,0.492403876506104,0.));
#2101=CARTESIAN_POINT('',(4.23535462520991,0.984807753012208,118.484807753012));
#2102=CARTESIAN_POINT('',(4.23535462520991,0.984807753012208,-118.484807753012));
#2103=CARTESIAN_POINT('',(4.23535462520991,0.984807753012208,0.));
#2104=CARTESIAN_POINT('',(5.06170644754297,0.,-117.5));
#2105=CARTESIAN_POINT('',(4.23535462520991,0.984807753012208,-118.484807753012));
#2106=CARTESIAN_POINT('',(5.06170644754297,0.,117.5));
#2107=CARTESIAN_POINT('',(5.06170644754297,0.,0.));
#2108=CARTESIAN_POINT('',(5.06170644754297,0.,117.5));
#2109=CARTESIAN_POINT('Origin',(49.9122636932108,25.4659488045204,118.));
#2110=CARTESIAN_POINT('',(55.9386210550573,14.90823423899,118.5));
#2111=CARTESIAN_POINT('',(49.4885869418436,25.2004341903257,118.5));
#2112=CARTESIAN_POINT('',(55.9386210550573,14.90823423899,118.5));
#2113=CARTESIAN_POINT('Origin',(53.3253237358874,0.,-117.5));
#2114=CARTESIAN_POINT('',(54.4989719135543,0.984807753012208,-117.5));
#2115=CARTESIAN_POINT('',(53.4862241047101,0.999999999999999,-118.5));
#2116=CARTESIAN_POINT('',(54.4989719135543,0.984807753012209,-117.5));
#2117=CARTESIAN_POINT('',(53.3253237358874,0.,-117.5));
#2118=CARTESIAN_POINT('',(53.3253237358874,0.,-117.5));
#2119=CARTESIAN_POINT('',(53.4862241047101,1.,-118.5));
#2120=CARTESIAN_POINT('Origin',(54.4989719135543,0.984807753012208,117.5));
#2121=CARTESIAN_POINT('',(53.3253237358874,0.,117.5));
#2122=CARTESIAN_POINT('',(53.4862241047101,1.,118.5));
#2123=CARTESIAN_POINT('',(53.3253237358874,0.,117.5));
#2124=CARTESIAN_POINT('',(54.4989719135543,0.984807753012209,117.5));
#2125=CARTESIAN_POINT('',(54.4989719135543,0.984807753012208,117.5));
#2126=CARTESIAN_POINT('',(53.4862241047101,0.999999999999999,118.5));
#2127=CARTESIAN_POINT('Origin',(53.9121478247208,0.492403876506104,0.));
#2128=CARTESIAN_POINT('',(54.4989719135543,0.984807753012208,0.));
#2129=CARTESIAN_POINT('',(53.3253237358874,0.,0.));
#2130=CARTESIAN_POINT('Origin',(55.8772197356465,11.6806248109436,118.));
#2131=CARTESIAN_POINT('',(55.3848158591404,11.767448899777,118.5));
#2132=CARTESIAN_POINT('',(56.3696236121527,11.5938007221101,117.5));
#2133=CARTESIAN_POINT('Origin',(17.2938339778349,0.5,118.));
#2134=CARTESIAN_POINT('',(17.2938339778349,0.,117.5));
#2135=CARTESIAN_POINT('',(4.23803342825144,1.,118.5));
#2136=CARTESIAN_POINT('',(17.2938339778349,1.,118.5));
#2137=CARTESIAN_POINT('',(-0.53802305478645,-26.0863623017201,91.41363769828));
#2138=CARTESIAN_POINT('Origin',(17.2938339778349,0.5,-118.));
#2139=CARTESIAN_POINT('',(4.23803342825144,1.,-118.5));
#2140=CARTESIAN_POINT('',(17.2938339778349,1.,-118.5));
#2141=CARTESIAN_POINT('',(17.2938339778349,0.,-117.5));
#2142=CARTESIAN_POINT('',(-0.53802305478645,-26.0863623017201,-91.41363769828));
#2143=CARTESIAN_POINT('Origin',(55.8772197356465,11.6806248109436,-118.));
#2144=CARTESIAN_POINT('',(56.3696236121527,11.5938007221101,-117.5));
#2145=CARTESIAN_POINT('',(55.9386210550573,14.90823423899,-118.5));
#2146=CARTESIAN_POINT('',(55.3848158591404,11.767448899777,-118.5));
#2147=CARTESIAN_POINT('',(55.9386210550573,14.90823423899,-118.5));
#2148=CARTESIAN_POINT('Origin',(49.9122636932108,25.4659488045204,-118.));
#2149=CARTESIAN_POINT('',(49.4885869418436,25.2004341903257,-118.5));
#2150=CARTESIAN_POINT('Origin',(54.3253237358874,2.22044604925031E-15,0.));
#2151=CARTESIAN_POINT('',(55.2016403387412,4.96983841799435,-106.));
#2152=CARTESIAN_POINT('Origin',(55.7746793250421,8.21970400293463,-106.));
#2153=CARTESIAN_POINT('',(55.2016403387412,4.96983841799435,106.));
#2154=CARTESIAN_POINT('Origin',(55.7746793250421,8.21970400293463,106.));
#2155=CARTESIAN_POINT('Origin',(4.06170644754297,0.,0.));
#2156=CARTESIAN_POINT('Origin',(53.3126599425116,8.65382444710196,106.));
#2157=CARTESIAN_POINT('',(52.7396209562107,5.40395886216168,106.));
#2158=CARTESIAN_POINT('Origin',(53.3126599425116,8.65382444710196,106.));
#2159=CARTESIAN_POINT('',(52.947998769411,6.58572816577632,106.));
#2160=CARTESIAN_POINT('Origin',(53.3126599425116,8.65382444710196,106.));
#2161=CARTESIAN_POINT('Origin',(55.528477386789,8.26311604735137,106.));
#2162=CARTESIAN_POINT('',(54.9554384004882,5.01325046241108,106.));
#2163=CARTESIAN_POINT('Origin',(40.2639572150998,10.9546628011888,106.));
#2164=CARTESIAN_POINT('',(39.8992960419993,8.88656651986315,106.));
#2165=CARTESIAN_POINT('Origin',(53.3126599425116,8.65382444710196,-106.));
#2166=CARTESIAN_POINT('',(52.7396209562107,5.40395886216168,-106.));
#2167=CARTESIAN_POINT('Origin',(53.3126599425116,8.65382444710196,-106.));
#2168=CARTESIAN_POINT('',(52.947998769411,6.58572816577632,-106.));
#2169=CARTESIAN_POINT('Origin',(53.3126599425116,8.65382444710196,-106.));
#2170=CARTESIAN_POINT('Origin',(55.528477386789,8.26311604735137,-106.));
#2171=CARTESIAN_POINT('',(54.9554384004882,5.01325046241108,-106.));
#2172=CARTESIAN_POINT('Origin',(40.2639572150998,10.9546628011888,-106.));
#2173=CARTESIAN_POINT('',(39.8992960419993,8.88656651986315,-106.));
#2174=CARTESIAN_POINT('Origin',(40.3241330176085,15.6150145982951,117.));
#2175=CARTESIAN_POINT('',(47.1685469010434,14.40815976351,118.5));
#2176=CARTESIAN_POINT('',(33.4797191341737,16.8218694330803,118.5));
#2177=CARTESIAN_POINT('',(34.5048159898137,16.6411171995916,118.5));
#2178=CARTESIAN_POINT('',(47.1685469010434,14.40815976351,117.));
#2179=CARTESIAN_POINT('',(47.1685469010434,14.40815976351,117.));
#2180=CARTESIAN_POINT('',(33.4797191341737,16.8218694330803,117.));
#2181=CARTESIAN_POINT('',(40.3241330176085,15.6150145982951,117.));
#2182=CARTESIAN_POINT('',(33.4797191341737,16.8218694330803,117.));
#2183=CARTESIAN_POINT('Origin',(33.9832988494078,19.6778119168157,117.));
#2184=CARTESIAN_POINT('',(34.4868785646419,22.5337544005511,118.5));
#2185=CARTESIAN_POINT('',(34.6517402648447,23.4687315636627,118.5));
#2186=CARTESIAN_POINT('',(34.4868785646419,22.5337544005511,117.));
#2187=CARTESIAN_POINT('',(33.9832988494078,19.6778119168157,117.));
#2188=CARTESIAN_POINT('',(34.4868785646419,22.5337544005511,117.));
#2189=CARTESIAN_POINT('Origin',(41.7827777100108,23.8873997235977,116.2));
#2190=CARTESIAN_POINT('',(49.3808430822091,22.5476557972924,115.4));
#2191=CARTESIAN_POINT('',(49.3808430822091,22.5476557972924,115.5));
#2192=CARTESIAN_POINT('',(49.3808430822091,22.5476557972924,58.1));
#2193=CARTESIAN_POINT('',(51.6308552401328,22.1509179469284,115.4));
#2194=CARTESIAN_POINT('',(41.7827777100108,23.8873997235977,115.4));
#2195=CARTESIAN_POINT('',(51.6308552401328,22.1509179469284,117.));
#2196=CARTESIAN_POINT('',(51.6308552401328,22.1509179469284,116.2));
#2197=CARTESIAN_POINT('',(31.9347001798887,25.623881500267,117.));
#2198=CARTESIAN_POINT('',(41.7827777100108,23.8873997235977,117.));
#2199=CARTESIAN_POINT('',(31.9347001798887,25.623881500267,115.5));
#2200=CARTESIAN_POINT('',(31.9347001798887,25.623881500267,116.2));
#2201=CARTESIAN_POINT('',(39.7540465186104,24.2451197692464,115.5));
#2202=CARTESIAN_POINT('Origin',(30.9796352027206,20.2074388586999,116.2));
#2203=CARTESIAN_POINT('',(30.8928111138871,19.7150349821937,115.5));
#2204=CARTESIAN_POINT('',(31.7362154121297,24.4982184454043,115.5));
#2205=CARTESIAN_POINT('',(30.0245702255524,14.7909962171327,117.));
#2206=CARTESIAN_POINT('',(30.9796352027206,20.2074388586999,117.));
#2207=CARTESIAN_POINT('',(30.0245702255524,14.7909962171327,115.4));
#2208=CARTESIAN_POINT('',(30.0245702255524,14.7909962171327,116.2));
#2209=CARTESIAN_POINT('',(30.9796352027206,20.2074388586999,115.4));
#2210=CARTESIAN_POINT('',(30.8928111138871,19.7150349821937,115.55));
#2211=CARTESIAN_POINT('',(30.8059870250536,19.2226311056876,115.55));
#2212=CARTESIAN_POINT('',(30.8928111138871,19.7150349821937,111.6125));
#2213=CARTESIAN_POINT('Origin',(40.7408886440092,17.9785532055244,107.025));
#2214=CARTESIAN_POINT('',(38.7121574526088,18.3362732511732,115.5));
#2215=CARTESIAN_POINT('',(40.7408886440092,17.9785532055244,115.55));
#2216=CARTESIAN_POINT('Origin',(40.8277127328426,18.4709570820305,115.4));
#2217=CARTESIAN_POINT('',(49.7207252857966,11.3180326637941,115.4));
#2218=CARTESIAN_POINT('',(39.8726477556745,13.0545144404634,115.4));
#2219=CARTESIAN_POINT('',(50.6757902629647,16.7344753053612,115.4));
#2220=CARTESIAN_POINT('Origin',(40.8277127328426,18.4709570820305,117.));
#2221=CARTESIAN_POINT('',(49.7207252857966,11.3180326637941,117.));
#2222=CARTESIAN_POINT('',(50.6757902629647,16.7344753053612,117.));
#2223=CARTESIAN_POINT('',(39.8726477556745,13.0545144404634,117.));
#2224=CARTESIAN_POINT('',(48.1757063315116,20.1200447309808,117.));
#2225=CARTESIAN_POINT('',(47.6721266162775,17.2641022472454,117.));
#2226=CARTESIAN_POINT('',(41.3312924480767,21.3268995657659,117.));
#2227=CARTESIAN_POINT('Origin',(40.8277127328426,18.4709570820305,115.4));
#2228=CARTESIAN_POINT('',(51.1913917751142,19.6585967873821,115.4));
#2229=CARTESIAN_POINT('',(51.5822730834339,19.0348747245447,115.4));
#2230=CARTESIAN_POINT('',(50.6757902629647,16.7344753053612,115.4));
#2231=CARTESIAN_POINT('Origin',(39.8726477556745,13.0545144404634,116.2));
#2232=CARTESIAN_POINT('',(49.7207252857966,11.3180326637941,116.2));
#2233=CARTESIAN_POINT('Origin',(50.6757902629647,16.7344753053612,116.2));
#2234=CARTESIAN_POINT('',(51.1913917751142,19.6585967873821,115.5));
#2235=CARTESIAN_POINT('',(51.1913917751142,19.6585967873821,58.1));
#2236=CARTESIAN_POINT('',(50.5889661741313,16.2420714288551,115.5));
#2237=CARTESIAN_POINT('',(51.4323704723738,21.0252548920657,115.5));
#2238=CARTESIAN_POINT('',(50.5889661741313,16.2420714288551,115.55));
#2239=CARTESIAN_POINT('',(50.5889661741313,16.2420714288551,111.6125));
#2240=CARTESIAN_POINT('',(50.5021420852978,15.749667552349,115.55));
#2241=CARTESIAN_POINT('Origin',(41.3312924480767,21.3268995657659,117.));
#2242=CARTESIAN_POINT('',(48.1757063315116,20.1200447309808,118.5));
#2243=CARTESIAN_POINT('',(35.5119754202819,22.3530021670624,118.5));
#2244=CARTESIAN_POINT('',(48.1757063315116,20.1200447309808,117.));
#2245=CARTESIAN_POINT('Origin',(40.4804163775088,16.5013415760061,115.55));
#2246=CARTESIAN_POINT('',(40.7408886440092,17.9785532055244,115.55));
#2247=CARTESIAN_POINT('Origin',(40.7408886440092,17.9785532055244,107.025));
#2248=CARTESIAN_POINT('',(38.7121574526088,18.3362732511732,115.5));
#2249=CARTESIAN_POINT('Origin',(40.4804163775088,16.5013415760061,115.55));
#2250=CARTESIAN_POINT('Origin',(47.6721266162775,17.2641022472454,117.));
#2251=CARTESIAN_POINT('',(48.3405680317144,21.0550218940924,118.5));
#2252=CARTESIAN_POINT('Origin',(38.2834107688601,27.7679563467369,115.5));
#2253=CARTESIAN_POINT('',(54.3612277845773,14.6005481864449,115.5));
#2254=CARTESIAN_POINT('',(54.3612277845773,14.6005481864449,115.5));
#2255=CARTESIAN_POINT('',(52.3157381482984,3.,115.5));
#2256=CARTESIAN_POINT('Origin',(38.2834107688601,27.7679563467369,115.5));
#2257=CARTESIAN_POINT('',(54.3612277845773,14.6005481864449,115.5));
#2258=CARTESIAN_POINT('Origin',(24.8103164181469,19.7721162951831,-97.5));
#2259=CARTESIAN_POINT('',(54.3545490085132,14.5626709651752,-115.5));
#2260=CARTESIAN_POINT('',(54.3545490085132,14.5626709651752,-48.75));
#2261=CARTESIAN_POINT('',(30.6600472508442,18.7406509194964,-115.5));
#2262=CARTESIAN_POINT('Origin',(23.9695257756432,3.52786404500042,0.));
#2263=CARTESIAN_POINT('',(23.9695257756432,3.52786404500042,97.5));
#2264=CARTESIAN_POINT('',(23.9695257756432,3.52786404500042,0.));
#2265=CARTESIAN_POINT('',(24.5017441783511,3.29926637358789,97.5));
#2266=CARTESIAN_POINT('',(28.585580299252,1.54518304441623,97.5));
#2267=CARTESIAN_POINT('',(24.5017441783511,3.29926637358789,0.));
#2268=CARTESIAN_POINT('Origin',(23.4673165968884,3.81648016431924,0.));
#2269=CARTESIAN_POINT('',(23.4673165968884,3.81648016431924,97.5));
#2270=CARTESIAN_POINT('',(23.4673165968884,3.81648016431924,0.));
#2271=CARTESIAN_POINT('',(27.3998094640251,1.55650388635454,97.5));
#2272=CARTESIAN_POINT('Origin',(23.0018565569141,4.16124134940736,0.));
#2273=CARTESIAN_POINT('',(23.0018565569141,4.16124134940736,97.5));
#2274=CARTESIAN_POINT('',(23.0018565569141,4.16124134940736,0.));
#2275=CARTESIAN_POINT('',(26.2069260132683,1.78728129018613,97.5));
#2276=CARTESIAN_POINT('Origin',(22.5793923775202,4.55752072142311,0.));
#2277=CARTESIAN_POINT('',(22.5793923775202,4.55752072142311,97.5));
#2278=CARTESIAN_POINT('',(22.5793923775202,4.55752072142311,0.));
#2279=CARTESIAN_POINT('',(25.0517270513855,2.23842414528844,97.5));
#2280=CARTESIAN_POINT('Origin',(22.205593753143,5.,0.));
#2281=CARTESIAN_POINT('',(22.205593753143,5.,0.));
#2282=CARTESIAN_POINT('',(23.9786542300617,2.90116263266786,97.5));
#2283=CARTESIAN_POINT('Origin',(38.2800713808281,11.3860581475916,97.5));
#2284=CARTESIAN_POINT('',(52.3157381482984,3.,97.5));
#2285=CARTESIAN_POINT('',(52.8211747811254,5.86647358672085,97.5));
#2286=CARTESIAN_POINT('',(26.205593753143,3.,97.5));
#2287=CARTESIAN_POINT('',(32.2428325669855,3.,97.5));
#2288=CARTESIAN_POINT('',(25.6273311556551,3.03355133235562,97.5));
#2289=CARTESIAN_POINT('',(31.6909783392907,2.68173289756629,97.5));
#2290=CARTESIAN_POINT('',(25.0568291504062,3.13375505266135,97.5));
#2291=CARTESIAN_POINT('',(30.767552522181,2.13071611112603,97.5));
#2292=CARTESIAN_POINT('',(29.7212273775664,1.74295769591341,97.5));
#2293=CARTESIAN_POINT('Origin',(25.6273311556551,3.03355133235562,0.));
#2294=CARTESIAN_POINT('',(25.6273311556551,3.03355133235562,0.));
#2295=CARTESIAN_POINT('',(26.205593753143,3.,0.));
#2296=CARTESIAN_POINT('Origin',(26.205593753143,3.,0.));
#2297=CARTESIAN_POINT('',(52.3157381482984,3.,0.));
#2298=CARTESIAN_POINT('Origin',(52.3157381482984,3.,0.));
#2299=CARTESIAN_POINT('',(54.3612277845773,14.6005481864449,-115.5));
#2300=CARTESIAN_POINT('',(54.3612277845773,14.6005481864449,0.));
#2301=CARTESIAN_POINT('',(52.3157381482984,3.,-115.5));
#2302=CARTESIAN_POINT('Origin',(38.2834107688601,27.7679563467369,-115.5));
#2303=CARTESIAN_POINT('',(54.3612277845773,14.6005481864449,-115.5));
#2304=CARTESIAN_POINT('Origin',(54.3612277845773,14.6005481864449,0.));
#2305=CARTESIAN_POINT('Origin',(25.0568291504062,3.13375505266135,0.));
#2306=CARTESIAN_POINT('',(25.0568291504062,3.13375505266135,0.));
#2307=CARTESIAN_POINT('Origin',(24.5017441783511,3.29926637358789,0.));
#2308=CARTESIAN_POINT('Origin',(30.5259615081268,28.1050015783174,-118.5));
#2309=CARTESIAN_POINT('',(5.46386195193543,7.95201902033782,-118.5));
#2310=CARTESIAN_POINT('',(4.06170644754298,0.,-118.5));
#2311=CARTESIAN_POINT('',(5.46386195193543,7.95201902033782,-118.5));
#2312=CARTESIAN_POINT('Origin',(5.46386195193543,7.95201902033782,0.));
#2313=CARTESIAN_POINT('',(5.46386195193543,7.95201902033782,118.5));
#2314=CARTESIAN_POINT('',(4.06170644754298,0.,118.5));
#2315=CARTESIAN_POINT('',(5.46386195193543,7.95201902033782,0.));
#2316=CARTESIAN_POINT('Origin',(22.205593753143,5.,0.));
#2317=CARTESIAN_POINT('',(5.46386195193543,7.95201902033782,118.5));
#2318=CARTESIAN_POINT('Origin',(30.5259615081268,28.1050015783174,118.5));
#2319=UNCERTAINTY_MEASURE_WITH_UNIT(LENGTH_MEASURE(0.01),#2323,
'DISTANCE_ACCURACY_VALUE',
'Maximum model space distance between geometric entities at asserted c
onnectivities');
#2320=UNCERTAINTY_MEASURE_WITH_UNIT(LENGTH_MEASURE(0.01),#2323,
'DISTANCE_ACCURACY_VALUE',
'Maximum model space distance between geometric entities at asserted c
onnectivities');
#2321=(
GEOMETRIC_REPRESENTATION_CONTEXT(3)
GLOBAL_UNCERTAINTY_ASSIGNED_CONTEXT((#2319))
GLOBAL_UNIT_ASSIGNED_CONTEXT((#2323,#2325,#2326))
REPRESENTATION_CONTEXT('','3D')
);
#2322=(
GEOMETRIC_REPRESENTATION_CONTEXT(3)
GLOBAL_UNCERTAINTY_ASSIGNED_CONTEXT((#2320))
GLOBAL_UNIT_ASSIGNED_CONTEXT((#2323,#2325,#2326))
REPRESENTATION_CONTEXT('','3D')
);
#2323=(
LENGTH_UNIT()
NAMED_UNIT(*)
SI_UNIT(.MILLI.,.METRE.)
);
#2324=(
LENGTH_UNIT()
NAMED_UNIT(*)
SI_UNIT($,.METRE.)
);
#2325=(
NAMED_UNIT(*)
PLANE_ANGLE_UNIT()
SI_UNIT($,.RADIAN.)
);
#2326=(
NAMED_UNIT(*)
SI_UNIT($,.STERADIAN.)
SOLID_ANGLE_UNIT()
);
#2327=SHAPE_DEFINITION_REPRESENTATION(#2328,#2329);
#2328=PRODUCT_DEFINITION_SHAPE('',$,#2331);
#2329=SHAPE_REPRESENTATION('',(#1469),#2321);
#2330=PRODUCT_DEFINITION_CONTEXT('part definition',#2335,'design');
#2331=PRODUCT_DEFINITION('2026-10-03-13-49-34-464','(Unsaved)',#2332,#2330);
#2332=PRODUCT_DEFINITION_FORMATION('',$,#2337);
#2333=PRODUCT_RELATED_PRODUCT_CATEGORY('(Unsaved)','(Unsaved)',(#2337));
#2334=APPLICATION_PROTOCOL_DEFINITION('international standard',
'automotive_design',2009,#2335);
#2335=APPLICATION_CONTEXT(
'Core Data for Automotive Mechanical Design Process');
#2336=PRODUCT_CONTEXT('part definition',#2335,'mechanical');
#2337=PRODUCT('2026-10-03-13-49-34-464','(Unsaved)',$,(#2336));
#2338=PRESENTATION_STYLE_ASSIGNMENT((#2339));
#2339=SURFACE_STYLE_USAGE(.BOTH.,#2340);
#2340=SURFACE_SIDE_STYLE('',(#2341));
#2341=SURFACE_STYLE_FILL_AREA(#2342);
#2342=FILL_AREA_STYLE('Steel - Satin',(#2343));
#2343=FILL_AREA_STYLE_COLOUR('Steel - Satin',#2344);
#2344=COLOUR_RGB('Steel - Satin',0.627450980392157,0.627450980392157,0.627450980392157);
ENDSEC;
END-ISO-10303-21;
